frame.time,ip.src,ip.dst,tcp.srcport,tcp.dstport,udp.srcport,udp.dstport,icmp.type,icmp.code,ip.proto,_ws.col.Protocol
"Apr  5, 2025 01:11:43.619524000 CDT","192.168.1.155","224.0.0.251",,,"5353","5353",,,"17","MDNS"
"Apr  5, 2025 01:11:43.620068000 CDT",,,,,"5353","5353",,,,"MDNS"
"Apr  5, 2025 01:11:43.874515000 CDT","192.168.1.95","192.168.1.1","50423","80",,,,,"6","TCP"
"Apr  5, 2025 01:11:43.874523000 CDT","192.168.1.95","192.168.1.1","50420","80",,,,,"6","TCP"
"Apr  5, 2025 01:11:43.875222000 CDT","192.168.1.1","192.168.1.95","80","50423",,,,,"6","TCP"
"Apr  5, 2025 01:11:43.875448000 CDT","192.168.1.1","192.168.1.95","80","50420",,,,,"6","TCP"
"Apr  5, 2025 01:11:43.890516000 CDT",,,"50232","443",,,,,,"TCP"
"Apr  5, 2025 01:11:43.940638000 CDT",,,"443","50232",,,,,,"TCP"
"Apr  5, 2025 01:11:44.663113000 CDT","192.168.1.95","72.25.64.32","50083","443",,,,,"6","TCP"
"Apr  5, 2025 01:11:44.732605000 CDT","72.25.64.32","192.168.1.95","443","50083",,,,,"6","TCP"
"Apr  5, 2025 01:11:44.989655000 CDT",,,"50301","443",,,,,,"TCP"
"Apr  5, 2025 01:11:45.063362000 CDT",,,"443","50301",,,,,,"TCP"
"Apr  5, 2025 01:11:46.831709000 CDT",,,,,,,,,,"ICMPv6"
"Apr  5, 2025 01:11:46.831881000 CDT",,,,,,,,,,"ICMPv6"
"Apr  5, 2025 01:11:47.356339000 CDT",,,"50494","53",,,,,,"TCP"
"Apr  5, 2025 01:11:47.356463000 CDT",,,"50495","53",,,,,,"TCP"
"Apr  5, 2025 01:11:47.356569000 CDT",,,"50496","53",,,,,,"TCP"
"Apr  5, 2025 01:11:47.358538000 CDT",,,"53","50494",,,,,,"TCP"
"Apr  5, 2025 01:11:47.358538000 CDT",,,"53","50495",,,,,,"TCP"
"Apr  5, 2025 01:11:47.358644000 CDT",,,"50494","53",,,,,,"TCP"
"Apr  5, 2025 01:11:47.358657000 CDT",,,"50495","53",,,,,,"TCP"
"Apr  5, 2025 01:11:47.358749000 CDT",,,"50494","53",,,,,,"TCP"
"Apr  5, 2025 01:11:47.358779000 CDT",,,"50494","53",,,,,,"DNS"
"Apr  5, 2025 01:11:47.358830000 CDT",,,"50495","53",,,,,,"TCP"
"Apr  5, 2025 01:11:47.358861000 CDT",,,"50495","53",,,,,,"DNS"
"Apr  5, 2025 01:11:47.358870000 CDT",,,"53","50496",,,,,,"TCP"
"Apr  5, 2025 01:11:47.358915000 CDT",,,"50496","53",,,,,,"TCP"
"Apr  5, 2025 01:11:47.358998000 CDT",,,"50496","53",,,,,,"TCP"
"Apr  5, 2025 01:11:47.359022000 CDT",,,"50496","53",,,,,,"DNS"
"Apr  5, 2025 01:11:47.359318000 CDT",,,"53","50494",,,,,,"TCP"
"Apr  5, 2025 01:11:47.359519000 CDT",,,"53","50494",,,,,,"TCP"
"Apr  5, 2025 01:11:47.359519000 CDT",,,"53","50495",,,,,,"TCP"
"Apr  5, 2025 01:11:47.359519000 CDT",,,"53","50495",,,,,,"TCP"
"Apr  5, 2025 01:11:47.359519000 CDT",,,"53","50496",,,,,,"TCP"
"Apr  5, 2025 01:11:47.359733000 CDT",,,"53","50496",,,,,,"TCP"
"Apr  5, 2025 01:11:47.361254000 CDT",,,"53","50494",,,,,,"DNS"
"Apr  5, 2025 01:11:47.361391000 CDT",,,"50494","53",,,,,,"TCP"
"Apr  5, 2025 01:11:47.361484000 CDT",,,"53","50495",,,,,,"DNS"
"Apr  5, 2025 01:11:47.361565000 CDT",,,"50495","53",,,,,,"TCP"
"Apr  5, 2025 01:11:47.362192000 CDT",,,"53","50494",,,,,,"TCP"
"Apr  5, 2025 01:11:47.362222000 CDT",,,"50494","53",,,,,,"TCP"
"Apr  5, 2025 01:11:47.362447000 CDT",,,"53","50495",,,,,,"TCP"
"Apr  5, 2025 01:11:47.362471000 CDT",,,"50495","53",,,,,,"TCP"
"Apr  5, 2025 01:11:47.369127000 CDT",,,"50496","53",,,,,,"TCP"
"Apr  5, 2025 01:11:47.369897000 CDT",,,,,"65125","443",,,,"QUIC"
"Apr  5, 2025 01:11:47.369930000 CDT",,,,,"65125","443",,,,"QUIC"
"Apr  5, 2025 01:11:47.369959000 CDT",,,,,"65125","443",,,,"QUIC"
"Apr  5, 2025 01:11:47.370075000 CDT",,,,,"65125","443",,,,"QUIC"
"Apr  5, 2025 01:11:47.370300000 CDT",,,,,"65125","443",,,,"QUIC"
"Apr  5, 2025 01:11:47.370330000 CDT",,,,,"65125","443",,,,"QUIC"
"Apr  5, 2025 01:11:47.370365000 CDT",,,,,"65125","443",,,,"QUIC"
"Apr  5, 2025 01:11:47.370382000 CDT",,,,,"65125","443",,,,"QUIC"
"Apr  5, 2025 01:11:47.401357000 CDT",,,"53","50496",,,,,,"TCP"
"Apr  5, 2025 01:11:47.415151000 CDT",,,"53","50496",,,,,,"DNS"
"Apr  5, 2025 01:11:47.415198000 CDT",,,"50496","53",,,,,,"TCP"
"Apr  5, 2025 01:11:47.415594000 CDT",,,"53","50496",,,,,,"TCP"
"Apr  5, 2025 01:11:47.422525000 CDT",,,,,"443","65125",,,,"QUIC"
"Apr  5, 2025 01:11:47.422525000 CDT",,,,,"443","65125",,,,"QUIC"
"Apr  5, 2025 01:11:47.423714000 CDT",,,,,"443","65125",,,,"QUIC"
"Apr  5, 2025 01:11:47.423925000 CDT",,,,,"443","65125",,,,"QUIC"
"Apr  5, 2025 01:11:47.424813000 CDT",,,,,"443","65125",,,,"QUIC"
"Apr  5, 2025 01:11:47.425028000 CDT",,,,,"443","65125",,,,"QUIC"
"Apr  5, 2025 01:11:47.425028000 CDT",,,,,"443","65125",,,,"QUIC"
"Apr  5, 2025 01:11:47.425028000 CDT",,,,,"443","65125",,,,"QUIC"
"Apr  5, 2025 01:11:47.425217000 CDT",,,,,"65125","443",,,,"QUIC"
"Apr  5, 2025 01:11:47.425248000 CDT",,,,,"443","65125",,,,"QUIC"
"Apr  5, 2025 01:11:47.425303000 CDT",,,,,"65125","443",,,,"QUIC"
"Apr  5, 2025 01:11:47.425896000 CDT",,,,,"443","65125",,,,"QUIC"
"Apr  5, 2025 01:11:47.425989000 CDT",,,,,"65125","443",,,,"QUIC"
"Apr  5, 2025 01:11:47.461433000 CDT",,,,,"443","65125",,,,"QUIC"
"Apr  5, 2025 01:11:47.470051000 CDT",,,,,"443","65125",,,,"QUIC"
"Apr  5, 2025 01:11:47.470051000 CDT",,,,,"443","65125",,,,"QUIC"
"Apr  5, 2025 01:11:47.470200000 CDT",,,,,"65125","443",,,,"QUIC"
"Apr  5, 2025 01:11:47.470273000 CDT",,,,,"443","65125",,,,"QUIC"
"Apr  5, 2025 01:11:47.470273000 CDT",,,,,"443","65125",,,,"QUIC"
"Apr  5, 2025 01:11:47.470273000 CDT",,,,,"443","65125",,,,"QUIC"
"Apr  5, 2025 01:11:47.470383000 CDT",,,,,"65125","443",,,,"QUIC"
"Apr  5, 2025 01:11:47.470444000 CDT",,,,,"65125","443",,,,"QUIC"
"Apr  5, 2025 01:11:47.472421000 CDT",,,,,"443","65125",,,,"QUIC"
"Apr  5, 2025 01:11:47.472625000 CDT",,,,,"443","65125",,,,"QUIC"
"Apr  5, 2025 01:11:47.472710000 CDT",,,,,"65125","443",,,,"QUIC"
"Apr  5, 2025 01:11:47.474593000 CDT",,,,,"443","65125",,,,"QUIC"
"Apr  5, 2025 01:11:47.474593000 CDT",,,,,"443","65125",,,,"QUIC"
"Apr  5, 2025 01:11:47.474692000 CDT",,,,,"65125","443",,,,"QUIC"
"Apr  5, 2025 01:11:47.476289000 CDT",,,,,"443","65125",,,,"QUIC"
"Apr  5, 2025 01:11:47.476289000 CDT",,,,,"443","65125",,,,"QUIC"
"Apr  5, 2025 01:11:47.476454000 CDT",,,,,"65125","443",,,,"QUIC"
"Apr  5, 2025 01:11:47.478403000 CDT",,,,,"443","65125",,,,"QUIC"
"Apr  5, 2025 01:11:47.509271000 CDT",,,,,"65125","443",,,,"QUIC"
"Apr  5, 2025 01:11:47.547153000 CDT",,,,,"443","65125",,,,"QUIC"
"Apr  5, 2025 01:11:47.547336000 CDT",,,,,"65125","443",,,,"QUIC"
"Apr  5, 2025 01:11:47.579711000 CDT",,,,,"443","65125",,,,"QUIC"
"Apr  5, 2025 01:11:47.611126000 CDT","192.168.1.155","224.0.0.251",,,"5353","5353",,,"17","MDNS"
"Apr  5, 2025 01:11:47.611494000 CDT",,,,,"5353","5353",,,,"MDNS"
"Apr  5, 2025 01:11:48.324206000 CDT","192.168.1.95","35.174.127.31","50317","443",,,,,"6","TLSv1.2"
"Apr  5, 2025 01:11:48.379495000 CDT","35.174.127.31","192.168.1.95","443","50317",,,,,"6","TLSv1.2"
"Apr  5, 2025 01:11:48.432300000 CDT","192.168.1.95","35.174.127.31","50317","443",,,,,"6","TCP"
"Apr  5, 2025 01:11:48.512465000 CDT",,,"443","50359",,,,,,"TLSv1.2"
"Apr  5, 2025 01:11:48.512465000 CDT",,,"443","50359",,,,,,"TCP"
"Apr  5, 2025 01:11:48.512553000 CDT",,,"50359","443",,,,,,"TCP"
"Apr  5, 2025 01:11:49.336507000 CDT",,,,,"65125","443",,,,"QUIC"
"Apr  5, 2025 01:11:49.337005000 CDT",,,,,"65125","443",,,,"QUIC"
"Apr  5, 2025 01:11:49.379168000 CDT",,,,,"443","65125",,,,"QUIC"
"Apr  5, 2025 01:11:49.407648000 CDT",,,,,"65125","443",,,,"QUIC"
"Apr  5, 2025 01:11:49.426748000 CDT",,,,,"443","65125",,,,"QUIC"
"Apr  5, 2025 01:11:49.426748000 CDT",,,,,"443","65125",,,,"QUIC"
"Apr  5, 2025 01:11:49.426748000 CDT",,,,,"443","65125",,,,"QUIC"
"Apr  5, 2025 01:11:49.426748000 CDT",,,,,"443","65125",,,,"QUIC"
"Apr  5, 2025 01:11:49.426748000 CDT",,,,,"443","65125",,,,"QUIC"
"Apr  5, 2025 01:11:49.426748000 CDT",,,,,"443","65125",,,,"QUIC"
"Apr  5, 2025 01:11:49.426748000 CDT",,,,,"443","65125",,,,"QUIC"
"Apr  5, 2025 01:11:49.426748000 CDT",,,,,"443","65125",,,,"QUIC"
"Apr  5, 2025 01:11:49.426748000 CDT",,,,,"443","65125",,,,"QUIC"
"Apr  5, 2025 01:11:49.426748000 CDT",,,,,"443","65125",,,,"QUIC"
"Apr  5, 2025 01:11:49.426748000 CDT",,,,,"443","65125",,,,"QUIC"
"Apr  5, 2025 01:11:49.426989000 CDT",,,,,"65125","443",,,,"QUIC"
"Apr  5, 2025 01:11:49.427047000 CDT",,,,,"65125","443",,,,"QUIC"
"Apr  5, 2025 01:11:49.427103000 CDT",,,,,"65125","443",,,,"QUIC"
"Apr  5, 2025 01:11:49.427139000 CDT",,,,,"65125","443",,,,"QUIC"
"Apr  5, 2025 01:11:49.427301000 CDT",,,,,"65125","443",,,,"QUIC"
"Apr  5, 2025 01:11:49.432517000 CDT",,,,,"443","65125",,,,"QUIC"
"Apr  5, 2025 01:11:49.432771000 CDT",,,,,"443","65125",,,,"QUIC"
"Apr  5, 2025 01:11:49.432775000 CDT",,,,,"65125","443",,,,"QUIC"
"Apr  5, 2025 01:11:49.435251000 CDT",,,,,"443","65125",,,,"QUIC"
"Apr  5, 2025 01:11:49.435396000 CDT",,,,,"65125","443",,,,"QUIC"
"Apr  5, 2025 01:11:49.435461000 CDT",,,,,"443","65125",,,,"QUIC"
"Apr  5, 2025 01:11:49.435461000 CDT",,,,,"443","65125",,,,"QUIC"
"Apr  5, 2025 01:11:49.435461000 CDT",,,,,"443","65125",,,,"QUIC"
"Apr  5, 2025 01:11:49.435544000 CDT",,,,,"65125","443",,,,"QUIC"
"Apr  5, 2025 01:11:49.439292000 CDT",,,,,"443","65125",,,,"QUIC"
"Apr  5, 2025 01:11:49.439385000 CDT",,,,,"65125","443",,,,"QUIC"
"Apr  5, 2025 01:11:49.439499000 CDT",,,,,"443","65125",,,,"QUIC"
"Apr  5, 2025 01:11:49.441080000 CDT",,,,,"443","65125",,,,"QUIC"
"Apr  5, 2025 01:11:49.441080000 CDT",,,,,"443","65125",,,,"QUIC"
"Apr  5, 2025 01:11:49.441233000 CDT",,,,,"65125","443",,,,"QUIC"
"Apr  5, 2025 01:11:49.441986000 CDT",,,,,"443","65125",,,,"QUIC"
"Apr  5, 2025 01:11:49.442127000 CDT",,,,,"65125","443",,,,"QUIC"
"Apr  5, 2025 01:11:49.443324000 CDT",,,,,"65125","443",,,,"QUIC"
"Apr  5, 2025 01:11:49.477592000 CDT",,,,,"443","65125",,,,"QUIC"
"Apr  5, 2025 01:11:49.504312000 CDT",,,,,"443","65125",,,,"QUIC"
"Apr  5, 2025 01:11:49.532819000 CDT",,,,,"65125","443",,,,"QUIC"
"Apr  5, 2025 01:11:49.534406000 CDT",,,,,"443","65125",,,,"QUIC"
"Apr  5, 2025 01:11:49.534651000 CDT",,,,,"443","65125",,,,"QUIC"
"Apr  5, 2025 01:11:49.534721000 CDT",,,,,"65125","443",,,,"QUIC"
"Apr  5, 2025 01:11:49.534851000 CDT",,,,,"443","65125",,,,"QUIC"
"Apr  5, 2025 01:11:49.535052000 CDT",,,,,"443","65125",,,,"QUIC"
"Apr  5, 2025 01:11:49.535135000 CDT",,,,,"65125","443",,,,"QUIC"
"Apr  5, 2025 01:11:49.535259000 CDT",,,,,"443","65125",,,,"QUIC"
"Apr  5, 2025 01:11:49.535468000 CDT",,,,,"443","65125",,,,"QUIC"
"Apr  5, 2025 01:11:49.535542000 CDT",,,,,"65125","443",,,,"QUIC"
"Apr  5, 2025 01:11:49.535675000 CDT",,,,,"443","65125",,,,"QUIC"
"Apr  5, 2025 01:11:49.535880000 CDT",,,,,"443","65125",,,,"QUIC"
"Apr  5, 2025 01:11:49.535944000 CDT",,,,,"65125","443",,,,"QUIC"
"Apr  5, 2025 01:11:49.536082000 CDT",,,,,"443","65125",,,,"QUIC"
"Apr  5, 2025 01:11:49.536292000 CDT",,,,,"443","65125",,,,"QUIC"
"Apr  5, 2025 01:11:49.536292000 CDT",,,,,"443","65125",,,,"QUIC"
"Apr  5, 2025 01:11:49.536292000 CDT",,,,,"443","65125",,,,"QUIC"
"Apr  5, 2025 01:11:49.536376000 CDT",,,,,"65125","443",,,,"QUIC"
"Apr  5, 2025 01:11:49.536498000 CDT",,,,,"65125","443",,,,"QUIC"
"Apr  5, 2025 01:11:49.598847000 CDT",,,,,"443","65125",,,,"QUIC"
"Apr  5, 2025 01:11:51.080988000 CDT",,,"50334","443",,,,,,"TCP"
"Apr  5, 2025 01:11:51.116575000 CDT",,,"443","50334",,,,,,"TCP"
"Apr  5, 2025 01:11:53.558909000 CDT","140.82.112.25","192.168.1.95","443","50283",,,,,"6","TLSv1.2"
"Apr  5, 2025 01:11:53.559208000 CDT","192.168.1.95","140.82.112.25","50283","443",,,,,"6","TLSv1.2"
"Apr  5, 2025 01:11:53.602290000 CDT","140.82.112.25","192.168.1.95","443","50283",,,,,"6","TCP"
"Apr  5, 2025 01:11:54.463100000 CDT",,,,,,,,,,"ICMPv6"
"Apr  5, 2025 01:11:55.349535000 CDT","8.48.85.230","192.168.1.95","443","50305",,,,,"6","TLSv1.2"
"Apr  5, 2025 01:11:55.349535000 CDT","8.48.85.230","192.168.1.95","443","50305",,,,,"6","TCP"
"Apr  5, 2025 01:11:55.349612000 CDT","192.168.1.95","8.48.85.230","50305","443",,,,,"6","TCP"
"Apr  5, 2025 01:11:55.481549000 CDT",,,,,,,,,,"ICMPv6"
"Apr  5, 2025 01:11:56.437518000 CDT","35.174.127.31","192.168.1.95","443","50317",,,,,"6","TLSv1.2"
"Apr  5, 2025 01:11:56.437757000 CDT","192.168.1.95","35.174.127.31","50317","443",,,,,"6","TLSv1.2"
"Apr  5, 2025 01:11:56.542407000 CDT","35.174.127.31","192.168.1.95","443","50317",,,,,"6","TCP"
"Apr  5, 2025 01:11:57.322194000 CDT","192.168.1.95","35.174.127.31","50317","443",,,,,"6","TLSv1.2"
"Apr  5, 2025 01:11:57.386382000 CDT","35.174.127.31","192.168.1.95","443","50317",,,,,"6","TCP"
"Apr  5, 2025 01:11:57.822525000 CDT","8.48.85.230","192.168.1.95","443","50294",,,,,"6","TLSv1.2"
"Apr  5, 2025 01:11:57.822525000 CDT","8.48.85.230","192.168.1.95","443","50294",,,,,"6","TCP"
"Apr  5, 2025 01:11:57.822630000 CDT","192.168.1.95","8.48.85.230","50294","443",,,,,"6","TCP"
"Apr  5, 2025 01:11:58.479058000 CDT","192.168.1.49","239.255.255.250",,,"50201","1900",,,"17","SSDP"
"Apr  5, 2025 01:11:58.501153000 CDT","192.168.1.49","239.255.255.250",,,"50201","1900",,,"17","SSDP"
"Apr  5, 2025 01:11:58.529182000 CDT","192.168.1.49","239.255.255.250",,,"50201","1900",,,"17","SSDP"
"Apr  5, 2025 01:11:58.561323000 CDT",,,,,,,,,,"ARP"
"Apr  5, 2025 01:11:58.561335000 CDT",,,,,,,,,,"ARP"
"Apr  5, 2025 01:11:58.566758000 CDT","192.168.1.49","239.255.255.250",,,"50201","1900",,,"17","SSDP"
"Apr  5, 2025 01:11:58.588703000 CDT","192.168.1.49","239.255.255.250",,,"50201","1900",,,"17","SSDP"
"Apr  5, 2025 01:11:58.610916000 CDT","192.168.1.49","239.255.255.250",,,"50201","1900",,,"17","SSDP"
"Apr  5, 2025 01:11:58.654715000 CDT","192.168.1.49","239.255.255.250",,,"50201","1900",,,"17","SSDP"
"Apr  5, 2025 01:11:58.675754000 CDT","192.168.1.49","239.255.255.250",,,"50201","1900",,,"17","SSDP"
"Apr  5, 2025 01:11:58.697680000 CDT","192.168.1.49","239.255.255.250",,,"50201","1900",,,"17","SSDP"
"Apr  5, 2025 01:11:58.719747000 CDT","192.168.1.49","239.255.255.250",,,"50201","1900",,,"17","SSDP"
"Apr  5, 2025 01:11:59.900124000 CDT",,,"50375","443",,,,,,"TCP"
"Apr  5, 2025 01:11:59.923994000 CDT",,,"443","50375",,,,,,"TCP"
"Apr  5, 2025 01:12:02.267306000 CDT","185.26.182.112","192.168.1.95","443","50318",,,,,"6","TLSv1.2"
"Apr  5, 2025 01:12:02.267306000 CDT","185.26.182.112","192.168.1.95","443","50318",,,,,"6","TLSv1.2"
"Apr  5, 2025 01:12:02.267306000 CDT","185.26.182.112","192.168.1.95","443","50318",,,,,"6","TCP"
"Apr  5, 2025 01:12:02.267375000 CDT","192.168.1.95","185.26.182.112","50318","443",,,,,"6","TCP"
"Apr  5, 2025 01:12:02.267544000 CDT","192.168.1.95","185.26.182.112","50318","443",,,,,"6","TCP"
"Apr  5, 2025 01:12:02.399949000 CDT","185.26.182.112","192.168.1.95","443","50318",,,,,"6","TCP"
"Apr  5, 2025 01:12:02.742994000 CDT","192.168.1.155","192.168.1.255",,,"137","137",,,"17","NBNS"
"Apr  5, 2025 01:12:03.093458000 CDT",,,,,,,,,,"ICMPv6"
"Apr  5, 2025 01:12:03.246395000 CDT","192.168.1.192","224.0.0.251",,,"5353","5353",,,"17","MDNS"
"Apr  5, 2025 01:12:03.246395000 CDT",,,,,"5353","5353",,,,"MDNS"
"Apr  5, 2025 01:12:03.598443000 CDT",,,,,,,,,,"ICMPv6"
"Apr  5, 2025 01:12:03.842073000 CDT","192.168.1.115","224.0.0.251",,,"5353","5353",,,"17","MDNS"
"Apr  5, 2025 01:12:03.842521000 CDT",,,,,"5353","5353",,,,"MDNS"
"Apr  5, 2025 01:12:04.251969000 CDT","192.168.1.192","224.0.0.251",,,"5353","5353",,,"17","MDNS"
"Apr  5, 2025 01:12:04.251969000 CDT",,,,,"5353","5353",,,,"MDNS"
"Apr  5, 2025 01:12:04.325501000 CDT","192.168.1.95","35.174.127.31","50317","443",,,,,"6","TLSv1.2"
"Apr  5, 2025 01:12:04.384548000 CDT","35.174.127.31","192.168.1.95","443","50317",,,,,"6","TCP"
"Apr  5, 2025 01:12:04.385040000 CDT","35.174.127.31","192.168.1.95","443","50317",,,,,"6","TLSv1.2"
"Apr  5, 2025 01:12:04.433864000 CDT","192.168.1.95","35.174.127.31","50317","443",,,,,"6","TCP"
"Apr  5, 2025 01:12:04.847779000 CDT","192.168.1.115","224.0.0.251",,,"5353","5353",,,"17","MDNS"
"Apr  5, 2025 01:12:04.847779000 CDT",,,,,"5353","5353",,,,"MDNS"
"Apr  5, 2025 01:12:05.082179000 CDT",,,,,,,,,,"ICMPv6"
"Apr  5, 2025 01:12:06.170204000 CDT",,,"50247","443",,,,,,"TCP"
"Apr  5, 2025 01:12:06.200745000 CDT",,,"443","50247",,,,,,"TCP"
"Apr  5, 2025 01:12:06.354015000 CDT",,,,,"64664","53",,,,"DNS"
"Apr  5, 2025 01:12:06.354203000 CDT",,,,,"52266","53",,,,"DNS"
"Apr  5, 2025 01:12:06.388126000 CDT",,,,,"53","64664",,,,"DNS"
"Apr  5, 2025 01:12:06.390138000 CDT",,,,,"53","52266",,,,"DNS"
"Apr  5, 2025 01:12:06.390768000 CDT",,,"50497","80",,,,,,"TCP"
"Apr  5, 2025 01:12:06.412228000 CDT",,,"80","50497",,,,,,"TCP"
"Apr  5, 2025 01:12:06.412284000 CDT",,,"50497","80",,,,,,"TCP"
"Apr  5, 2025 01:12:06.412402000 CDT",,,"50497","80",,,,,,"HTTP"
"Apr  5, 2025 01:12:06.440199000 CDT",,,"80","50497",,,,,,"TCP"
"Apr  5, 2025 01:12:06.440775000 CDT",,,"80","50497",,,,,,"HTTP"
"Apr  5, 2025 01:12:06.448732000 CDT",,,"50497","80",,,,,,"HTTP"
"Apr  5, 2025 01:12:06.471175000 CDT",,,"80","50497",,,,,,"TCP"
"Apr  5, 2025 01:12:06.471799000 CDT",,,"80","50497",,,,,,"HTTP"
"Apr  5, 2025 01:12:06.477631000 CDT",,,"50497","80",,,,,,"HTTP"
"Apr  5, 2025 01:12:06.494417000 CDT",,,"80","50497",,,,,,"TCP"
"Apr  5, 2025 01:12:06.494640000 CDT",,,"80","50497",,,,,,"HTTP"
"Apr  5, 2025 01:12:06.543521000 CDT",,,"50497","80",,,,,,"TCP"
"Apr  5, 2025 01:12:06.788632000 CDT",,,,,"5353","5353",,,,"MDNS"
"Apr  5, 2025 01:12:06.789095000 CDT","192.168.1.155","224.0.0.251",,,"5353","5353",,,"17","MDNS"
"Apr  5, 2025 01:12:07.052399000 CDT",,,,,,,,,,"ICMPv6"
"Apr  5, 2025 01:12:07.188529000 CDT",,,,,,,,,,"ICMPv6"
"Apr  5, 2025 01:12:07.551319000 CDT",,,,,,,,,,"ICMPv6"
"Apr  5, 2025 01:12:07.755899000 CDT","192.168.1.192","224.0.0.251",,,"5353","5353",,,"17","MDNS"
"Apr  5, 2025 01:12:07.756310000 CDT",,,,,"5353","5353",,,,"MDNS"
"Apr  5, 2025 01:12:07.850871000 CDT","192.168.1.115","224.0.0.251",,,"5353","5353",,,"17","MDNS"
"Apr  5, 2025 01:12:07.851406000 CDT",,,,,"5353","5353",,,,"MDNS"
"Apr  5, 2025 01:12:08.768958000 CDT","192.168.1.192","224.0.0.251",,,"5353","5353",,,"17","MDNS"
"Apr  5, 2025 01:12:08.769372000 CDT",,,,,"5353","5353",,,,"MDNS"
"Apr  5, 2025 01:12:09.762288000 CDT","192.168.1.95","20.189.173.27","50382","443",,,,,"6","TCP"
"Apr  5, 2025 01:12:09.832131000 CDT","20.189.173.27","192.168.1.95","443","50382",,,,,"6","TCP"
"Apr  5, 2025 01:12:10.784893000 CDT",,,"50218","443",,,,,,"TCP"
"Apr  5, 2025 01:12:10.830725000 CDT",,,"50217","443",,,,,,"TCP"
"Apr  5, 2025 01:12:10.855447000 CDT",,,"443","50218",,,,,,"TCP"
"Apr  5, 2025 01:12:10.896872000 CDT",,,"443","50217",,,,,,"TCP"
"Apr  5, 2025 01:12:12.567164000 CDT","192.168.1.95","72.25.64.11","50065","443",,,,,"6","TCP"
"Apr  5, 2025 01:12:12.632493000 CDT","72.25.64.11","192.168.1.95","443","50065",,,,,"6","TCP"
"Apr  5, 2025 01:12:13.184313000 CDT",,,"49939","443",,,,,,"TLSv1.2"
"Apr  5, 2025 01:12:13.242639000 CDT",,,"443","49939",,,,,,"TLSv1.2"
"Apr  5, 2025 01:12:13.243519000 CDT",,,"49939","443",,,,,,"TLSv1.2"
"Apr  5, 2025 01:12:13.267493000 CDT",,,,,"52407","53",,,,"DNS"
"Apr  5, 2025 01:12:13.291514000 CDT",,,,,"53","52407",,,,"DNS"
"Apr  5, 2025 01:12:13.292749000 CDT",,,"50498","443",,,,,,"TCP"
"Apr  5, 2025 01:12:13.302016000 CDT",,,"443","49939",,,,,,"TLSv1.2"
"Apr  5, 2025 01:12:13.321827000 CDT",,,"443","50498",,,,,,"TCP"
"Apr  5, 2025 01:12:13.321883000 CDT",,,"50498","443",,,,,,"TCP"
"Apr  5, 2025 01:12:13.324269000 CDT",,,"50498","443",,,,,,"TLSv1.2"
"Apr  5, 2025 01:12:13.329555000 CDT","192.168.1.95","20.190.135.2","50499","443",,,,,"6","TCP"
"Apr  5, 2025 01:12:13.349716000 CDT",,,"49939","443",,,,,,"TCP"
"Apr  5, 2025 01:12:13.360869000 CDT",,,,,"62885","53",,,,"DNS"
"Apr  5, 2025 01:12:13.361062000 CDT",,,,,"55421","53",,,,"DNS"
"Apr  5, 2025 01:12:13.363848000 CDT",,,"443","50498",,,,,,"TCP"
"Apr  5, 2025 01:12:13.364515000 CDT",,,"443","50498",,,,,,"TCP"
"Apr  5, 2025 01:12:13.364538000 CDT",,,"50498","443",,,,,,"TCP"
"Apr  5, 2025 01:12:13.364746000 CDT",,,"443","50498",,,,,,"TCP"
"Apr  5, 2025 01:12:13.364746000 CDT",,,"443","50498",,,,,,"TLSv1.2"
"Apr  5, 2025 01:12:13.364763000 CDT",,,"50498","443",,,,,,"TCP"
"Apr  5, 2025 01:12:13.385144000 CDT","20.190.135.2","192.168.1.95","443","50499",,,,,"6","TCP"
"Apr  5, 2025 01:12:13.385219000 CDT","192.168.1.95","20.190.135.2","50499","443",,,,,"6","TCP"
"Apr  5, 2025 01:12:13.385251000 CDT",,,"50498","443",,,,,,"TLSv1.2"
"Apr  5, 2025 01:12:13.385385000 CDT","192.168.1.95","20.190.135.2","50499","443",,,,,"6","TLSv1.2"
"Apr  5, 2025 01:12:13.389775000 CDT",,,,,"53","62885",,,,"DNS"
"Apr  5, 2025 01:12:13.390002000 CDT",,,,,"53","55421",,,,"DNS"
"Apr  5, 2025 01:12:13.392587000 CDT",,,"50500","443",,,,,,"TCP"
"Apr  5, 2025 01:12:13.407119000 CDT","192.168.1.95","239.255.255.250",,,"62304","1900",,,"17","SSDP"
"Apr  5, 2025 01:12:13.422383000 CDT",,,"443","50500",,,,,,"TCP"
"Apr  5, 2025 01:12:13.422445000 CDT",,,"50500","443",,,,,,"TCP"
"Apr  5, 2025 01:12:13.423191000 CDT",,,"50500","443",,,,,,"TLSv1.2"
"Apr  5, 2025 01:12:13.425605000 CDT",,,"443","50498",,,,,,"TLSv1.2"
"Apr  5, 2025 01:12:13.425626000 CDT",,,"50498","443",,,,,,"TCP"
"Apr  5, 2025 01:12:13.425823000 CDT",,,"443","50498",,,,,,"TLSv1.2"
"Apr  5, 2025 01:12:13.425831000 CDT",,,"50498","443",,,,,,"TCP"
"Apr  5, 2025 01:12:13.426477000 CDT",,,"50498","443",,,,,,"TLSv1.2"
"Apr  5, 2025 01:12:13.426505000 CDT",,,"50498","443",,,,,,"TLSv1.2"
"Apr  5, 2025 01:12:13.426537000 CDT",,,"50498","443",,,,,,"TLSv1.2"
"Apr  5, 2025 01:12:13.426623000 CDT",,,"50498","443",,,,,,"TCP"
"Apr  5, 2025 01:12:13.426623000 CDT",,,"50498","443",,,,,,"TLSv1.2"
"Apr  5, 2025 01:12:13.426677000 CDT",,,"50498","443",,,,,,"TLSv1.2"
"Apr  5, 2025 01:12:13.449087000 CDT","20.190.135.2","192.168.1.95","443","50499",,,,,"6","TCP"
"Apr  5, 2025 01:12:13.449308000 CDT","20.190.135.2","192.168.1.95","443","50499",,,,,"6","TCP"
"Apr  5, 2025 01:12:13.449308000 CDT","20.190.135.2","192.168.1.95","443","50499",,,,,"6","TLSv1.2"
"Apr  5, 2025 01:12:13.449331000 CDT","192.168.1.95","20.190.135.2","50499","443",,,,,"6","TCP"
"Apr  5, 2025 01:12:13.453938000 CDT","192.168.1.95","20.190.135.2","50499","443",,,,,"6","TLSv1.2"
"Apr  5, 2025 01:12:13.455437000 CDT",,,"443","50500",,,,,,"TCP"
"Apr  5, 2025 01:12:13.455632000 CDT",,,"443","50500",,,,,,"TLSv1.2"
"Apr  5, 2025 01:12:13.455632000 CDT",,,"443","50500",,,,,,"TCP"
"Apr  5, 2025 01:12:13.455632000 CDT",,,"443","50500",,,,,,"TLSv1.2"
"Apr  5, 2025 01:12:13.455653000 CDT",,,"50500","443",,,,,,"TCP"
"Apr  5, 2025 01:12:13.457554000 CDT",,,"443","50500",,,,,,"TCP"
"Apr  5, 2025 01:12:13.457562000 CDT",,,"50500","443",,,,,,"TCP"
"Apr  5, 2025 01:12:13.459187000 CDT",,,"443","50498",,,,,,"TCP"
"Apr  5, 2025 01:12:13.459385000 CDT",,,"443","50498",,,,,,"TLSv1.2"
"Apr  5, 2025 01:12:13.459385000 CDT",,,"443","50498",,,,,,"TCP"
"Apr  5, 2025 01:12:13.459399000 CDT",,,"50498","443",,,,,,"TCP"
"Apr  5, 2025 01:12:13.459591000 CDT",,,"443","50498",,,,,,"TCP"
"Apr  5, 2025 01:12:13.462394000 CDT","192.168.1.95","192.168.1.1","50503","53019",,,,,"6","TCP"
"Apr  5, 2025 01:12:13.463656000 CDT","192.168.1.1","192.168.1.95","53019","50503",,,,,"6","TCP"
"Apr  5, 2025 01:12:13.463703000 CDT","192.168.1.95","192.168.1.1","50503","53019",,,,,"6","TCP"
"Apr  5, 2025 01:12:13.463757000 CDT","192.168.1.95","192.168.1.1","50503","53019",,,,,"6","HTTP"
"Apr  5, 2025 01:12:13.464348000 CDT","192.168.1.1","192.168.1.95","53019","50503",,,,,"6","TCP"
"Apr  5, 2025 01:12:13.464678000 CDT","192.168.1.1","192.168.1.95","53019","50503",,,,,"6","TCP"
"Apr  5, 2025 01:12:13.464872000 CDT","192.168.1.1","192.168.1.95","53019","50503",,,,,"6","HTTP/XML"
"Apr  5, 2025 01:12:13.464872000 CDT","192.168.1.1","192.168.1.95","53019","50503",,,,,"6","TCP"
"Apr  5, 2025 01:12:13.464890000 CDT","192.168.1.95","192.168.1.1","50503","53019",,,,,"6","TCP"
"Apr  5, 2025 01:12:13.464905000 CDT","192.168.1.95","192.168.1.1","50503","53019",,,,,"6","TCP"
"Apr  5, 2025 01:12:13.465080000 CDT","192.168.1.1","192.168.1.95",,,"1900","62304",,,"17","SSDP"
"Apr  5, 2025 01:12:13.465424000 CDT","192.168.1.1","192.168.1.95","53019","50503",,,,,"6","TCP"
"Apr  5, 2025 01:12:13.488401000 CDT",,,"443","50500",,,,,,"TLSv1.2"
"Apr  5, 2025 01:12:13.490419000 CDT",,,"50500","443",,,,,,"TLSv1.2"
"Apr  5, 2025 01:12:13.499447000 CDT",,,"443","50498",,,,,,"TCP"
"Apr  5, 2025 01:12:13.518346000 CDT",,,"443","50500",,,,,,"TLSv1.2"
"Apr  5, 2025 01:12:13.518569000 CDT","20.190.135.2","192.168.1.95","443","50499",,,,,"6","TCP"
"Apr  5, 2025 01:12:13.519723000 CDT","20.190.135.2","192.168.1.95","443","50499",,,,,"6","TLSv1.2"
"Apr  5, 2025 01:12:13.520159000 CDT","192.168.1.95","20.190.135.2","50499","443",,,,,"6","TLSv1.2"
"Apr  5, 2025 01:12:13.520208000 CDT","192.168.1.95","20.190.135.2","50499","443",,,,,"6","TCP"
"Apr  5, 2025 01:12:13.520208000 CDT","192.168.1.95","20.190.135.2","50499","443",,,,,"6","TCP"
"Apr  5, 2025 01:12:13.520208000 CDT","192.168.1.95","20.190.135.2","50499","443",,,,,"6","TCP"
"Apr  5, 2025 01:12:13.520208000 CDT","192.168.1.95","20.190.135.2","50499","443",,,,,"6","TLSv1.2"
"Apr  5, 2025 01:12:13.525032000 CDT",,,"50500","443",,,,,,"TLSv1.2"
"Apr  5, 2025 01:12:13.525082000 CDT",,,"50500","443",,,,,,"TLSv1.2"
"Apr  5, 2025 01:12:13.533004000 CDT",,,"443","50498",,,,,,"TCP"
"Apr  5, 2025 01:12:13.533004000 CDT",,,"443","50498",,,,,,"TLSv1.2"
"Apr  5, 2025 01:12:13.533044000 CDT",,,"50498","443",,,,,,"TCP"
"Apr  5, 2025 01:12:13.563631000 CDT",,,"443","50500",,,,,,"TCP"
"Apr  5, 2025 01:12:13.564778000 CDT",,,"443","50500",,,,,,"TLSv1.2"
"Apr  5, 2025 01:12:13.564894000 CDT",,,"50500","443",,,,,,"TLSv1.2"
"Apr  5, 2025 01:12:13.564978000 CDT",,,"443","50500",,,,,,"TLSv1.2"
"Apr  5, 2025 01:12:13.564978000 CDT",,,"443","50500",,,,,,"TLSv1.2"
"Apr  5, 2025 01:12:13.564978000 CDT",,,"443","50500",,,,,,"TCP"
"Apr  5, 2025 01:12:13.564978000 CDT",,,"443","50500",,,,,,"TLSv1.2"
"Apr  5, 2025 01:12:13.565014000 CDT",,,"50500","443",,,,,,"TCP"
"Apr  5, 2025 01:12:13.567475000 CDT",,,"50500","443",,,,,,"TCP"
"Apr  5, 2025 01:12:13.577169000 CDT",,,"50498","443",,,,,,"TCP"
"Apr  5, 2025 01:12:13.579760000 CDT","20.190.135.2","192.168.1.95","443","50499",,,,,"6","TCP"
"Apr  5, 2025 01:12:13.579989000 CDT","20.190.135.2","192.168.1.95","443","50499",,,,,"6","TCP"
"Apr  5, 2025 01:12:13.592929000 CDT",,,"443","50500",,,,,,"TCP"
"Apr  5, 2025 01:12:13.601353000 CDT",,,"443","50500",,,,,,"TCP"
"Apr  5, 2025 01:12:13.601353000 CDT",,,"443","50500",,,,,,"TLSv1.2"
"Apr  5, 2025 01:12:13.601400000 CDT",,,"50500","443",,,,,,"TCP"
"Apr  5, 2025 01:12:13.602030000 CDT",,,"443","50500",,,,,,"TCP"
"Apr  5, 2025 01:12:13.649054000 CDT","20.190.135.2","192.168.1.95","443","50499",,,,,"6","TCP"
"Apr  5, 2025 01:12:13.649282000 CDT","20.190.135.2","192.168.1.95","443","50499",,,,,"6","TCP"
"Apr  5, 2025 01:12:13.649282000 CDT","20.190.135.2","192.168.1.95","443","50499",,,,,"6","TCP"
"Apr  5, 2025 01:12:13.649282000 CDT","20.190.135.2","192.168.1.95","443","50499",,,,,"6","TCP"
"Apr  5, 2025 01:12:13.649282000 CDT","20.190.135.2","192.168.1.95","443","50499",,,,,"6","TCP"
"Apr  5, 2025 01:12:13.649282000 CDT","20.190.135.2","192.168.1.95","443","50499",,,,,"6","TCP"
"Apr  5, 2025 01:12:13.649282000 CDT","20.190.135.2","192.168.1.95","443","50499",,,,,"6","TCP"
"Apr  5, 2025 01:12:13.649282000 CDT","20.190.135.2","192.168.1.95","443","50499",,,,,"6","TCP"
"Apr  5, 2025 01:12:13.649282000 CDT","20.190.135.2","192.168.1.95","443","50499",,,,,"6","TLSv1.2"
"Apr  5, 2025 01:12:13.649329000 CDT","192.168.1.95","20.190.135.2","50499","443",,,,,"6","TCP"
"Apr  5, 2025 01:12:13.673571000 CDT",,,,,"63248","53",,,,"DNS"
"Apr  5, 2025 01:12:13.673799000 CDT",,,,,"56799","53",,,,"DNS"
"Apr  5, 2025 01:12:13.703745000 CDT",,,,,"53","56799",,,,"DNS"
"Apr  5, 2025 01:12:13.704473000 CDT",,,,,"53","63248",,,,"DNS"
"Apr  5, 2025 01:12:13.837680000 CDT",,,,,"60768","53",,,,"DNS"
"Apr  5, 2025 01:12:13.837870000 CDT",,,,,"62307","53",,,,"DNS"
"Apr  5, 2025 01:12:13.864387000 CDT",,,,,"53","60768",,,,"DNS"
"Apr  5, 2025 01:12:13.864628000 CDT",,,,,"53","62307",,,,"DNS"
"Apr  5, 2025 01:12:13.867415000 CDT","192.168.1.95","20.72.205.209","50504","443",,,,,"6","TCP"
"Apr  5, 2025 01:12:13.947914000 CDT","20.72.205.209","192.168.1.95","443","50504",,,,,"6","TCP"
"Apr  5, 2025 01:12:13.948008000 CDT","192.168.1.95","20.72.205.209","50504","443",,,,,"6","TCP"
"Apr  5, 2025 01:12:13.949164000 CDT","192.168.1.95","20.72.205.209","50504","443",,,,,"6","TLSv1.2"
"Apr  5, 2025 01:12:14.032713000 CDT",,,"50365","443",,,,,,"TCP"
"Apr  5, 2025 01:12:14.040352000 CDT","20.72.205.209","192.168.1.95","443","50504",,,,,"6","TCP"
"Apr  5, 2025 01:12:14.040352000 CDT","20.72.205.209","192.168.1.95","443","50504",,,,,"6","TCP"
"Apr  5, 2025 01:12:14.040352000 CDT","20.72.205.209","192.168.1.95","443","50504",,,,,"6","TLSv1.2"
"Apr  5, 2025 01:12:14.040415000 CDT","192.168.1.95","20.72.205.209","50504","443",,,,,"6","TCP"
"Apr  5, 2025 01:12:14.045839000 CDT","192.168.1.95","20.72.205.209","50504","443",,,,,"6","TLSv1.2"
"Apr  5, 2025 01:12:14.075225000 CDT",,,"443","50365",,,,,,"TCP"
"Apr  5, 2025 01:12:14.130899000 CDT","20.72.205.209","192.168.1.95","443","50504",,,,,"6","TLSv1.2"
"Apr  5, 2025 01:12:14.131140000 CDT","20.72.205.209","192.168.1.95","443","50504",,,,,"6","TLSv1.2"
"Apr  5, 2025 01:12:14.131157000 CDT","192.168.1.95","20.72.205.209","50504","443",,,,,"6","TCP"
"Apr  5, 2025 01:12:14.142475000 CDT","192.168.1.95","20.72.205.209","50504","443",,,,,"6","TLSv1.2"
"Apr  5, 2025 01:12:14.142527000 CDT","192.168.1.95","20.72.205.209","50504","443",,,,,"6","TLSv1.2"
"Apr  5, 2025 01:12:14.142654000 CDT","192.168.1.95","20.72.205.209","50504","443",,,,,"6","TLSv1.2"
"Apr  5, 2025 01:12:14.214658000 CDT","20.72.205.209","192.168.1.95","443","50504",,,,,"6","TLSv1.2"
"Apr  5, 2025 01:12:14.221530000 CDT","20.72.205.209","192.168.1.95","443","50504",,,,,"6","TCP"
"Apr  5, 2025 01:12:14.225118000 CDT","20.72.205.209","192.168.1.95","443","50504",,,,,"6","TCP"
"Apr  5, 2025 01:12:14.255712000 CDT","192.168.1.95","20.72.205.209","50504","443",,,,,"6","TCP"
"Apr  5, 2025 01:12:14.336843000 CDT","20.72.205.209","192.168.1.95","443","50504",,,,,"6","TLSv1.2"
"Apr  5, 2025 01:12:14.340505000 CDT","192.168.1.95","20.72.205.209","50504","443",,,,,"6","TCP"
"Apr  5, 2025 01:12:14.422008000 CDT","20.72.205.209","192.168.1.95","443","50504",,,,,"6","TLSv1.2"
"Apr  5, 2025 01:12:14.422061000 CDT","192.168.1.95","20.72.205.209","50504","443",,,,,"6","TCP"
"Apr  5, 2025 01:12:14.422623000 CDT","20.72.205.209","192.168.1.95","443","50504",,,,,"6","TCP"
"Apr  5, 2025 01:12:14.985340000 CDT",,,,,"55625","53",,,,"DNS"
"Apr  5, 2025 01:12:14.986218000 CDT",,,,,"53","55625",,,,"DNS"
"Apr  5, 2025 01:12:14.986631000 CDT","192.168.1.95","20.72.205.209","50505","443",,,,,"6","TCP"
"Apr  5, 2025 01:12:15.074369000 CDT","20.72.205.209","192.168.1.95","443","50505",,,,,"6","TCP"
"Apr  5, 2025 01:12:15.074440000 CDT","192.168.1.95","20.72.205.209","50505","443",,,,,"6","TCP"
"Apr  5, 2025 01:12:15.074785000 CDT","192.168.1.95","20.72.205.209","50505","443",,,,,"6","TLSv1.2"
"Apr  5, 2025 01:12:15.166494000 CDT","20.72.205.209","192.168.1.95","443","50505",,,,,"6","TCP"
"Apr  5, 2025 01:12:15.166731000 CDT","20.72.205.209","192.168.1.95","443","50505",,,,,"6","TCP"
"Apr  5, 2025 01:12:15.167136000 CDT","20.72.205.209","192.168.1.95","443","50505",,,,,"6","TCP"
"Apr  5, 2025 01:12:15.167152000 CDT","192.168.1.95","20.72.205.209","50505","443",,,,,"6","TCP"
"Apr  5, 2025 01:12:15.168216000 CDT","20.72.205.209","192.168.1.95","443","50505",,,,,"6","TLSv1.2"
"Apr  5, 2025 01:12:15.171942000 CDT","192.168.1.95","20.72.205.209","50505","443",,,,,"6","TLSv1.2"
"Apr  5, 2025 01:12:15.260389000 CDT","20.72.205.209","192.168.1.95","443","50505",,,,,"6","TLSv1.2"
"Apr  5, 2025 01:12:15.260643000 CDT","20.72.205.209","192.168.1.95","443","50505",,,,,"6","TLSv1.2"
"Apr  5, 2025 01:12:15.260664000 CDT","192.168.1.95","20.72.205.209","50505","443",,,,,"6","TCP"
"Apr  5, 2025 01:12:15.261226000 CDT","192.168.1.95","20.72.205.209","50505","443",,,,,"6","TLSv1.2"
"Apr  5, 2025 01:12:15.261313000 CDT","192.168.1.95","20.72.205.209","50505","443",,,,,"6","TCP"
"Apr  5, 2025 01:12:15.261313000 CDT","192.168.1.95","20.72.205.209","50505","443",,,,,"6","TCP"
"Apr  5, 2025 01:12:15.261313000 CDT","192.168.1.95","20.72.205.209","50505","443",,,,,"6","TLSv1.2"
"Apr  5, 2025 01:12:15.261395000 CDT","192.168.1.95","20.72.205.209","50505","443",,,,,"6","TLSv1.2"
"Apr  5, 2025 01:12:15.350528000 CDT","20.72.205.209","192.168.1.95","443","50505",,,,,"6","TLSv1.2"
"Apr  5, 2025 01:12:15.353557000 CDT","20.72.205.209","192.168.1.95","443","50505",,,,,"6","TCP"
"Apr  5, 2025 01:12:15.353767000 CDT","20.72.205.209","192.168.1.95","443","50505",,,,,"6","TCP"
"Apr  5, 2025 01:12:15.405566000 CDT","192.168.1.95","20.72.205.209","50505","443",,,,,"6","TCP"
"Apr  5, 2025 01:12:15.486144000 CDT","20.72.205.209","192.168.1.95","443","50505",,,,,"6","TLSv1.2"
"Apr  5, 2025 01:12:15.516968000 CDT","192.168.1.95","20.72.205.209","50505","443",,,,,"6","TCP"
"Apr  5, 2025 01:12:15.547781000 CDT",,,,,"58216","53",,,,"DNS"
"Apr  5, 2025 01:12:15.548653000 CDT",,,,,"53","58216",,,,"DNS"
"Apr  5, 2025 01:12:15.549196000 CDT","192.168.1.95","20.72.205.209","50507","443",,,,,"6","TCP"
"Apr  5, 2025 01:12:15.596449000 CDT","20.72.205.209","192.168.1.95","443","50505",,,,,"6","TLSv1.2"
"Apr  5, 2025 01:12:15.596505000 CDT","192.168.1.95","20.72.205.209","50505","443",,,,,"6","TCP"
"Apr  5, 2025 01:12:15.597254000 CDT","20.72.205.209","192.168.1.95","443","50505",,,,,"6","TCP"
"Apr  5, 2025 01:12:15.623935000 CDT","20.72.205.209","192.168.1.95","443","50507",,,,,"6","TCP"
"Apr  5, 2025 01:12:15.624014000 CDT","192.168.1.95","20.72.205.209","50507","443",,,,,"6","TCP"
"Apr  5, 2025 01:12:15.624245000 CDT","192.168.1.95","20.72.205.209","50507","443",,,,,"6","TLSv1.2"
"Apr  5, 2025 01:12:15.674943000 CDT","192.168.1.95","104.18.27.90","50290","443",,,,,"6","TCP"
"Apr  5, 2025 01:12:15.706783000 CDT","20.72.205.209","192.168.1.95","443","50507",,,,,"6","TCP"
"Apr  5, 2025 01:12:15.707015000 CDT","20.72.205.209","192.168.1.95","443","50507",,,,,"6","TCP"
"Apr  5, 2025 01:12:15.707015000 CDT","20.72.205.209","192.168.1.95","443","50507",,,,,"6","TLSv1.2"
"Apr  5, 2025 01:12:15.707037000 CDT","192.168.1.95","20.72.205.209","50507","443",,,,,"6","TCP"
"Apr  5, 2025 01:12:15.708705000 CDT","104.18.27.90","192.168.1.95","443","50290",,,,,"6","TCP"
"Apr  5, 2025 01:12:15.710816000 CDT","192.168.1.95","20.72.205.209","50507","443",,,,,"6","TLSv1.2"
"Apr  5, 2025 01:12:15.792419000 CDT","20.72.205.209","192.168.1.95","443","50507",,,,,"6","TLSv1.2"
"Apr  5, 2025 01:12:15.792419000 CDT","20.72.205.209","192.168.1.95","443","50507",,,,,"6","TLSv1.2"
"Apr  5, 2025 01:12:15.792492000 CDT","192.168.1.95","20.72.205.209","50507","443",,,,,"6","TCP"
"Apr  5, 2025 01:12:15.793231000 CDT","192.168.1.95","20.72.205.209","50507","443",,,,,"6","TLSv1.2"
"Apr  5, 2025 01:12:15.793273000 CDT","192.168.1.95","20.72.205.209","50507","443",,,,,"6","TLSv1.2"
"Apr  5, 2025 01:12:15.793337000 CDT","192.168.1.95","20.72.205.209","50507","443",,,,,"6","TLSv1.2"
"Apr  5, 2025 01:12:15.865737000 CDT","20.72.205.209","192.168.1.95","443","50507",,,,,"6","TLSv1.2"
"Apr  5, 2025 01:12:15.877887000 CDT","20.72.205.209","192.168.1.95","443","50507",,,,,"6","TCP"
"Apr  5, 2025 01:12:15.878101000 CDT","20.72.205.209","192.168.1.95","443","50507",,,,,"6","TCP"
"Apr  5, 2025 01:12:15.908769000 CDT","192.168.1.95","20.72.205.209","50507","443",,,,,"6","TCP"
"Apr  5, 2025 01:12:15.977914000 CDT","20.72.205.209","192.168.1.95","443","50507",,,,,"6","TLSv1.2"
"Apr  5, 2025 01:12:15.979540000 CDT","192.168.1.95","20.72.205.209","50507","443",,,,,"6","TCP"
"Apr  5, 2025 01:12:16.052713000 CDT","20.72.205.209","192.168.1.95","443","50507",,,,,"6","TLSv1.2"
"Apr  5, 2025 01:12:16.052776000 CDT","192.168.1.95","20.72.205.209","50507","443",,,,,"6","TCP"
"Apr  5, 2025 01:12:16.053213000 CDT","20.72.205.209","192.168.1.95","443","50507",,,,,"6","TCP"
"Apr  5, 2025 01:12:16.098136000 CDT","192.168.1.95","13.107.5.93","50370","443",,,,,"6","TCP"
"Apr  5, 2025 01:12:16.124468000 CDT","13.107.5.93","192.168.1.95","443","50370",,,,,"6","TCP"
"Apr  5, 2025 01:12:16.414959000 CDT","192.168.1.95","239.255.255.250",,,"62304","1900",,,"17","SSDP"
"Apr  5, 2025 01:12:16.441324000 CDT",,,"443","50374",,,,,,"TLSv1.2"
"Apr  5, 2025 01:12:16.441324000 CDT",,,"443","50374",,,,,,"TLSv1.2"
"Apr  5, 2025 01:12:16.441324000 CDT",,,"443","50374",,,,,,"TCP"
"Apr  5, 2025 01:12:16.441366000 CDT",,,"50374","443",,,,,,"TCP"
"Apr  5, 2025 01:12:16.441562000 CDT",,,"50374","443",,,,,,"TCP"
"Apr  5, 2025 01:12:16.466137000 CDT",,,"443","50374",,,,,,"TCP"
"Apr  5, 2025 01:12:16.470854000 CDT","192.168.1.1","192.168.1.95",,,"1900","62304",,,"17","SSDP"
"Apr  5, 2025 01:12:17.570666000 CDT",,,,,"58138","53",,,,"DNS"
"Apr  5, 2025 01:12:17.571043000 CDT",,,,,"54601","53",,,,"DNS"
"Apr  5, 2025 01:12:17.598519000 CDT",,,,,"53","54601",,,,"DNS"
"Apr  5, 2025 01:12:17.598911000 CDT",,,,,"53","58138",,,,"DNS"
"Apr  5, 2025 01:12:17.599500000 CDT",,,"50508","443",,,,,,"TCP"
"Apr  5, 2025 01:12:17.626239000 CDT",,,"443","50508",,,,,,"TCP"
"Apr  5, 2025 01:12:17.626306000 CDT",,,"50508","443",,,,,,"TCP"
"Apr  5, 2025 01:12:17.626635000 CDT",,,"50508","443",,,,,,"TLSv1.2"
"Apr  5, 2025 01:12:17.660252000 CDT",,,"443","50508",,,,,,"TCP"
"Apr  5, 2025 01:12:17.660676000 CDT",,,"443","50508",,,,,,"TLSv1.2"
"Apr  5, 2025 01:12:17.660884000 CDT",,,"443","50508",,,,,,"TCP"
"Apr  5, 2025 01:12:17.660884000 CDT",,,"443","50508",,,,,,"TCP"
"Apr  5, 2025 01:12:17.660912000 CDT",,,"50508","443",,,,,,"TCP"
"Apr  5, 2025 01:12:17.662272000 CDT",,,"443","50508",,,,,,"TLSv1.2"
"Apr  5, 2025 01:12:17.662293000 CDT",,,"50508","443",,,,,,"TCP"
"Apr  5, 2025 01:12:17.662500000 CDT",,,"443","50508",,,,,,"TLSv1.2"
"Apr  5, 2025 01:12:17.662500000 CDT",,,"443","50508",,,,,,"TLSv1.2"
"Apr  5, 2025 01:12:17.662518000 CDT",,,"50508","443",,,,,,"TCP"
"Apr  5, 2025 01:12:17.665189000 CDT",,,"50508","443",,,,,,"TLSv1.2"
"Apr  5, 2025 01:12:17.701876000 CDT",,,"443","50508",,,,,,"TLSv1.2"
"Apr  5, 2025 01:12:17.702099000 CDT",,,"443","50508",,,,,,"TLSv1.2"
"Apr  5, 2025 01:12:17.702110000 CDT",,,"50508","443",,,,,,"TCP"
"Apr  5, 2025 01:12:17.703220000 CDT",,,"50508","443",,,,,,"TLSv1.2"
"Apr  5, 2025 01:12:17.703266000 CDT",,,"50508","443",,,,,,"TLSv1.2"
"Apr  5, 2025 01:12:17.703318000 CDT",,,"50508","443",,,,,,"TLSv1.2"
"Apr  5, 2025 01:12:17.742559000 CDT",,,"443","50508",,,,,,"TCP"
"Apr  5, 2025 01:12:17.742559000 CDT",,,"443","50508",,,,,,"TLSv1.2"
"Apr  5, 2025 01:12:17.778615000 CDT",,,"443","50508",,,,,,"TLSv1.2"
"Apr  5, 2025 01:12:17.778615000 CDT",,,"443","50508",,,,,,"TLSv1.2"
"Apr  5, 2025 01:12:17.778659000 CDT",,,"50508","443",,,,,,"TCP"
"Apr  5, 2025 01:12:17.779265000 CDT",,,"50508","443",,,,,,"TCP"
"Apr  5, 2025 01:12:17.819053000 CDT",,,"443","50508",,,,,,"TCP"
"Apr  5, 2025 01:12:17.819091000 CDT",,,"50508","443",,,,,,"TCP"
"Apr  5, 2025 01:12:18.101922000 CDT",,,,,"49809","53",,,,"DNS"
"Apr  5, 2025 01:12:18.102108000 CDT",,,,,"53493","53",,,,"DNS"
"Apr  5, 2025 01:12:18.129497000 CDT",,,,,"53","49809",,,,"DNS"
"Apr  5, 2025 01:12:18.144786000 CDT",,,,,"53","53493",,,,"DNS"
"Apr  5, 2025 01:12:18.145568000 CDT","192.168.1.95","23.219.160.168","50511","443",,,,,"6","TCP"
"Apr  5, 2025 01:12:18.169982000 CDT","23.219.160.168","192.168.1.95","443","50511",,,,,"6","TCP"
"Apr  5, 2025 01:12:18.170031000 CDT","192.168.1.95","23.219.160.168","50511","443",,,,,"6","TCP"
"Apr  5, 2025 01:12:18.170515000 CDT","192.168.1.95","23.219.160.168","50511","443",,,,,"6","TLSv1.2"
"Apr  5, 2025 01:12:18.204035000 CDT","23.219.160.168","192.168.1.95","443","50511",,,,,"6","TCP"
"Apr  5, 2025 01:12:18.416408000 CDT","23.219.160.168","192.168.1.95","443","50511",,,,,"6","TLSv1.2"
"Apr  5, 2025 01:12:18.416408000 CDT","23.219.160.168","192.168.1.95","443","50511",,,,,"6","TCP"
"Apr  5, 2025 01:12:18.416469000 CDT","192.168.1.95","23.219.160.168","50511","443",,,,,"6","TCP"
"Apr  5, 2025 01:12:18.416681000 CDT","23.219.160.168","192.168.1.95","443","50511",,,,,"6","TCP"
"Apr  5, 2025 01:12:18.416681000 CDT","23.219.160.168","192.168.1.95","443","50511",,,,,"6","TLSv1.2"
"Apr  5, 2025 01:12:18.416681000 CDT","23.219.160.168","192.168.1.95","443","50511",,,,,"6","TCP"
"Apr  5, 2025 01:12:18.416700000 CDT","192.168.1.95","23.219.160.168","50511","443",,,,,"6","TCP"
"Apr  5, 2025 01:12:18.427301000 CDT","192.168.1.95","23.219.160.168","50511","443",,,,,"6","TLSv1.2"
"Apr  5, 2025 01:12:18.466678000 CDT","23.219.160.168","192.168.1.95","443","50511",,,,,"6","TLSv1.2"
"Apr  5, 2025 01:12:18.467142000 CDT","192.168.1.95","23.219.160.168","50511","443",,,,,"6","TLSv1.2"
"Apr  5, 2025 01:12:18.498758000 CDT","23.219.160.168","192.168.1.95","443","50511",,,,,"6","TLSv1.2"
"Apr  5, 2025 01:12:18.542836000 CDT","192.168.1.95","23.219.160.168","50511","443",,,,,"6","TCP"
"Apr  5, 2025 01:12:18.590828000 CDT","192.168.1.95","40.71.11.167","50377","443",,,,,"6","TCP"
"Apr  5, 2025 01:12:18.656245000 CDT","40.71.11.167","192.168.1.95","443","50377",,,,,"6","TCP"
"Apr  5, 2025 01:12:18.802035000 CDT",,,"443","50378",,,,,,"TLSv1.2"
"Apr  5, 2025 01:12:18.802196000 CDT",,,"50378","443",,,,,,"TCP"
"Apr  5, 2025 01:12:18.802255000 CDT",,,"443","50378",,,,,,"TLSv1.2"
"Apr  5, 2025 01:12:18.802275000 CDT",,,"50378","443",,,,,,"TCP"
"Apr  5, 2025 01:12:18.802486000 CDT",,,"443","50378",,,,,,"TCP"
"Apr  5, 2025 01:12:18.831181000 CDT",,,"443","50378",,,,,,"TCP"
"Apr  5, 2025 01:12:19.000293000 CDT","192.168.1.95","140.82.113.21","50383","443",,,,,"6","TCP"
"Apr  5, 2025 01:12:19.030237000 CDT","192.168.1.192","224.0.0.251",,,"5353","5353",,,"17","MDNS"
"Apr  5, 2025 01:12:19.031453000 CDT",,,,,"5353","5353",,,,"MDNS"
"Apr  5, 2025 01:12:19.053804000 CDT","140.82.113.21","192.168.1.95","443","50383",,,,,"6","TCP"
"Apr  5, 2025 01:12:19.424640000 CDT","192.168.1.95","239.255.255.250",,,"62304","1900",,,"17","SSDP"
"Apr  5, 2025 01:12:19.480739000 CDT","192.168.1.1","192.168.1.95",,,"1900","62304",,,"17","SSDP"
"Apr  5, 2025 01:12:19.544588000 CDT",,,,,"49954","53",,,,"DNS"
"Apr  5, 2025 01:12:19.575595000 CDT",,,,,"53","49954",,,,"DNS"
"Apr  5, 2025 01:12:19.576091000 CDT","192.168.1.95","72.25.64.32","50512","443",,,,,"6","TCP"
"Apr  5, 2025 01:12:19.643610000 CDT","72.25.64.32","192.168.1.95","443","50512",,,,,"6","TCP"
"Apr  5, 2025 01:12:19.643690000 CDT","192.168.1.95","72.25.64.32","50512","443",,,,,"6","TCP"
"Apr  5, 2025 01:12:19.644060000 CDT","192.168.1.95","72.25.64.32","50512","443",,,,,"6","TLSv1.2"
"Apr  5, 2025 01:12:19.717510000 CDT","72.25.64.32","192.168.1.95","443","50512",,,,,"6","TCP"
"Apr  5, 2025 01:12:19.717754000 CDT","72.25.64.32","192.168.1.95","443","50512",,,,,"6","TCP"
"Apr  5, 2025 01:12:19.717754000 CDT","72.25.64.32","192.168.1.95","443","50512",,,,,"6","TLSv1.2"
"Apr  5, 2025 01:12:19.717785000 CDT","192.168.1.95","72.25.64.32","50512","443",,,,,"6","TCP"
"Apr  5, 2025 01:12:19.718381000 CDT","72.25.64.32","192.168.1.95","443","50512",,,,,"6","TLSv1.2"
"Apr  5, 2025 01:12:19.718398000 CDT","192.168.1.95","72.25.64.32","50512","443",,,,,"6","TCP"
"Apr  5, 2025 01:12:19.720626000 CDT","192.168.1.95","72.25.64.32","50512","443",,,,,"6","TLSv1.2"
"Apr  5, 2025 01:12:19.797687000 CDT","72.25.64.32","192.168.1.95","443","50512",,,,,"6","TCP"
"Apr  5, 2025 01:12:19.798284000 CDT","72.25.64.32","192.168.1.95","443","50512",,,,,"6","TLSv1.2"
"Apr  5, 2025 01:12:19.799377000 CDT","72.25.64.32","192.168.1.95","443","50512",,,,,"6","TLSv1.2"
"Apr  5, 2025 01:12:19.799402000 CDT","192.168.1.95","72.25.64.32","50512","443",,,,,"6","TCP"
"Apr  5, 2025 01:12:19.800450000 CDT","192.168.1.95","72.25.64.32","50512","443",,,,,"6","TLSv1.2"
"Apr  5, 2025 01:12:19.800528000 CDT","192.168.1.95","72.25.64.32","50512","443",,,,,"6","TLSv1.2"
"Apr  5, 2025 01:12:19.877929000 CDT","72.25.64.32","192.168.1.95","443","50512",,,,,"6","TCP"
"Apr  5, 2025 01:12:19.878168000 CDT","72.25.64.32","192.168.1.95","443","50512",,,,,"6","TCP"
"Apr  5, 2025 01:12:19.901995000 CDT","72.25.64.32","192.168.1.95","443","50512",,,,,"6","TLSv1.2"
"Apr  5, 2025 01:12:19.902147000 CDT","192.168.1.95","72.25.64.32","50512","443",,,,,"6","TLSv1.2"
"Apr  5, 2025 01:12:19.902170000 CDT","192.168.1.95","72.25.64.32","50512","443",,,,,"6","TCP"
"Apr  5, 2025 01:12:19.902215000 CDT","72.25.64.32","192.168.1.95","443","50512",,,,,"6","TLSv1.2"
"Apr  5, 2025 01:12:19.902237000 CDT","192.168.1.95","72.25.64.32","50512","443",,,,,"6","TCP"
"Apr  5, 2025 01:12:19.968786000 CDT","72.25.64.32","192.168.1.95","443","50512",,,,,"6","TCP"
"Apr  5, 2025 01:12:19.980888000 CDT","72.25.64.32","192.168.1.95","443","50512",,,,,"6","TCP"
"Apr  5, 2025 01:12:20.040012000 CDT","192.168.1.192","224.0.0.251",,,"5353","5353",,,"17","MDNS"
"Apr  5, 2025 01:12:20.041956000 CDT",,,,,"5353","5353",,,,"MDNS"
"Apr  5, 2025 01:12:20.318127000 CDT","192.168.1.95","35.174.127.31","50317","443",,,,,"6","TLSv1.2"
"Apr  5, 2025 01:12:20.376642000 CDT","35.174.127.31","192.168.1.95","443","50317",,,,,"6","TLSv1.2"
"Apr  5, 2025 01:12:20.427322000 CDT","192.168.1.95","35.174.127.31","50317","443",,,,,"6","TCP"
"Apr  5, 2025 01:12:20.768231000 CDT","192.168.1.95","13.107.6.175","50386","443",,,,,"6","TCP"
"Apr  5, 2025 01:12:20.789434000 CDT","13.107.6.175","192.168.1.95","443","50386",,,,,"6","TCP"
"Apr  5, 2025 01:12:20.800274000 CDT",,,"50387","443",,,,,,"TCP"
"Apr  5, 2025 01:12:20.824221000 CDT",,,"443","50387",,,,,,"TCP"
"Apr  5, 2025 01:12:22.466454000 CDT",,,,,"57715","53",,,,"DNS"
"Apr  5, 2025 01:12:22.466630000 CDT",,,,,"50708","53",,,,"DNS"
"Apr  5, 2025 01:12:22.492432000 CDT",,,,,"53","57715",,,,"DNS"
"Apr  5, 2025 01:12:22.502742000 CDT",,,,,"53","50708",,,,"DNS"
"Apr  5, 2025 01:12:22.503249000 CDT","192.168.1.95","3.224.100.7","50513","443",,,,,"6","TCP"
"Apr  5, 2025 01:12:22.567424000 CDT","3.224.100.7","192.168.1.95","443","50513",,,,,"6","TCP"
"Apr  5, 2025 01:12:22.567485000 CDT","192.168.1.95","3.224.100.7","50513","443",,,,,"6","TCP"
"Apr  5, 2025 01:12:22.567886000 CDT","192.168.1.95","3.224.100.7","50513","443",,,,,"6","TLSv1.2"
"Apr  5, 2025 01:12:22.638637000 CDT","3.224.100.7","192.168.1.95","443","50513",,,,,"6","TCP"
"Apr  5, 2025 01:12:22.638846000 CDT","3.224.100.7","192.168.1.95","443","50513",,,,,"6","TLSv1.2"
"Apr  5, 2025 01:12:22.638846000 CDT","3.224.100.7","192.168.1.95","443","50513",,,,,"6","TCP"
"Apr  5, 2025 01:12:22.638869000 CDT","192.168.1.95","3.224.100.7","50513","443",,,,,"6","TCP"
"Apr  5, 2025 01:12:22.639373000 CDT","3.224.100.7","192.168.1.95","443","50513",,,,,"6","TLSv1.2"
"Apr  5, 2025 01:12:22.641945000 CDT","192.168.1.95","3.224.100.7","50513","443",,,,,"6","TLSv1.2"
"Apr  5, 2025 01:12:22.710143000 CDT","3.224.100.7","192.168.1.95","443","50513",,,,,"6","TCP"
"Apr  5, 2025 01:12:22.710380000 CDT","3.224.100.7","192.168.1.95","443","50513",,,,,"6","TLSv1.2"
"Apr  5, 2025 01:12:22.710380000 CDT","3.224.100.7","192.168.1.95","443","50513",,,,,"6","TLSv1.2"
"Apr  5, 2025 01:12:22.710413000 CDT","192.168.1.95","3.224.100.7","50513","443",,,,,"6","TCP"
"Apr  5, 2025 01:12:22.710920000 CDT","192.168.1.95","3.224.100.7","50513","443",,,,,"6","TLSv1.2"
"Apr  5, 2025 01:12:22.710945000 CDT","192.168.1.95","3.224.100.7","50513","443",,,,,"6","TLSv1.2"
"Apr  5, 2025 01:12:22.710984000 CDT","192.168.1.95","3.224.100.7","50513","443",,,,,"6","TLSv1.2"
"Apr  5, 2025 01:12:22.711002000 CDT","192.168.1.95","3.224.100.7","50513","443",,,,,"6","TLSv1.2"
"Apr  5, 2025 01:12:22.779550000 CDT","3.224.100.7","192.168.1.95","443","50513",,,,,"6","TCP"
"Apr  5, 2025 01:12:22.779783000 CDT","3.224.100.7","192.168.1.95","443","50513",,,,,"6","TLSv1.2"
"Apr  5, 2025 01:12:22.780957000 CDT","3.224.100.7","192.168.1.95","443","50513",,,,,"6","TLSv1.2"
"Apr  5, 2025 01:12:22.780957000 CDT","3.224.100.7","192.168.1.95","443","50513",,,,,"6","TLSv1.2"
"Apr  5, 2025 01:12:22.780979000 CDT","192.168.1.95","3.224.100.7","50513","443",,,,,"6","TCP"
"Apr  5, 2025 01:12:22.781972000 CDT","192.168.1.95","3.224.100.7","50513","443",,,,,"6","TCP"
"Apr  5, 2025 01:12:22.802942000 CDT","192.168.1.95","140.82.114.22","50419","443",,,,,"6","TCP"
"Apr  5, 2025 01:12:22.818755000 CDT","192.168.1.95","140.82.114.22","50416","443",,,,,"6","TCP"
"Apr  5, 2025 01:12:22.838463000 CDT","3.224.100.7","192.168.1.95","443","50513",,,,,"6","TLSv1.2"
"Apr  5, 2025 01:12:22.838498000 CDT","192.168.1.95","3.224.100.7","50513","443",,,,,"6","TCP"
"Apr  5, 2025 01:12:22.839096000 CDT","3.224.100.7","192.168.1.95","443","50513",,,,,"6","TCP"
"Apr  5, 2025 01:12:22.847151000 CDT","140.82.114.22","192.168.1.95","443","50419",,,,,"6","TCP"
"Apr  5, 2025 01:12:22.863219000 CDT","140.82.114.22","192.168.1.95","443","50416",,,,,"6","TCP"
"Apr  5, 2025 01:12:26.824904000 CDT",,,"50183","5228",,,,,,"TCP"
"Apr  5, 2025 01:12:26.867802000 CDT",,,"5228","50183",,,,,,"TCP"
"Apr  5, 2025 01:12:26.902373000 CDT","192.168.1.95","8.45.52.228","50322","443",,,,,"6","TCP"
"Apr  5, 2025 01:12:26.961479000 CDT","8.45.52.228","192.168.1.95","443","50322",,,,,"6","TCP"
"Apr  5, 2025 01:12:27.338397000 CDT",,,,,,,,,,"ICMPv6"
"Apr  5, 2025 01:12:27.339692000 CDT",,,,,,,,,,"ICMPv6"
"Apr  5, 2025 01:12:29.738048000 CDT","192.168.1.95","72.25.64.32","50083","443",,,,,"6","TCP"
"Apr  5, 2025 01:12:29.807677000 CDT","72.25.64.32","192.168.1.95","443","50083",,,,,"6","TCP"
"Apr  5, 2025 01:12:30.943439000 CDT","192.168.1.1","239.255.255.250",,,"57543","1900",,,"17","SSDP"
"Apr  5, 2025 01:12:30.943439000 CDT","192.168.1.1","239.255.255.250",,,"57543","1900",,,"17","SSDP"
"Apr  5, 2025 01:12:30.943439000 CDT","192.168.1.1","239.255.255.250",,,"57543","1900",,,"17","SSDP"
"Apr  5, 2025 01:12:30.943439000 CDT","192.168.1.1","239.255.255.250",,,"57543","1900",,,"17","SSDP"
"Apr  5, 2025 01:12:30.943439000 CDT","192.168.1.1","239.255.255.250",,,"57543","1900",,,"17","SSDP"
"Apr  5, 2025 01:12:30.943439000 CDT","192.168.1.1","239.255.255.250",,,"57543","1900",,,"17","SSDP"
"Apr  5, 2025 01:12:30.943439000 CDT","192.168.1.1","239.255.255.250",,,"57543","1900",,,"17","SSDP"
"Apr  5, 2025 01:12:30.943439000 CDT","192.168.1.1","239.255.255.250",,,"57543","1900",,,"17","SSDP"
"Apr  5, 2025 01:12:30.943439000 CDT","192.168.1.1","239.255.255.250",,,"57543","1900",,,"17","SSDP"
"Apr  5, 2025 01:12:30.943439000 CDT","192.168.1.1","239.255.255.250",,,"57543","1900",,,"17","SSDP"
"Apr  5, 2025 01:12:30.944377000 CDT","192.168.1.1","239.255.255.250",,,"57543","1900",,,"17","SSDP"
"Apr  5, 2025 01:12:30.944377000 CDT","192.168.1.1","239.255.255.250",,,"57543","1900",,,"17","SSDP"
"Apr  5, 2025 01:12:30.944377000 CDT","192.168.1.1","239.255.255.250",,,"38810","1900",,,"17","SSDP"
"Apr  5, 2025 01:12:30.944377000 CDT","192.168.1.1","239.255.255.250",,,"38810","1900",,,"17","SSDP"
"Apr  5, 2025 01:12:30.944377000 CDT","192.168.1.1","239.255.255.250",,,"38810","1900",,,"17","SSDP"
"Apr  5, 2025 01:12:30.944377000 CDT","192.168.1.1","239.255.255.250",,,"38810","1900",,,"17","SSDP"
"Apr  5, 2025 01:12:30.944377000 CDT","192.168.1.1","239.255.255.250",,,"38810","1900",,,"17","SSDP"
"Apr  5, 2025 01:12:30.944377000 CDT","192.168.1.1","239.255.255.250",,,"38810","1900",,,"17","SSDP"
"Apr  5, 2025 01:12:30.944377000 CDT","192.168.1.1","239.255.255.250",,,"38810","1900",,,"17","SSDP"
"Apr  5, 2025 01:12:30.944377000 CDT","192.168.1.1","239.255.255.250",,,"38810","1900",,,"17","SSDP"
"Apr  5, 2025 01:12:30.944377000 CDT","192.168.1.1","239.255.255.250",,,"38810","1900",,,"17","SSDP"
"Apr  5, 2025 01:12:30.944377000 CDT","192.168.1.1","239.255.255.250",,,"38810","1900",,,"17","SSDP"
"Apr  5, 2025 01:12:30.944377000 CDT","192.168.1.1","239.255.255.250",,,"38810","1900",,,"17","SSDP"
"Apr  5, 2025 01:12:30.944377000 CDT","192.168.1.1","239.255.255.250",,,"38810","1900",,,"17","SSDP"
"Apr  5, 2025 01:12:30.995674000 CDT","192.168.1.95","192.168.1.1","50514","53019",,,,,"6","TCP"
"Apr  5, 2025 01:12:30.996982000 CDT","192.168.1.1","192.168.1.95","53019","50514",,,,,"6","TCP"
"Apr  5, 2025 01:12:30.997027000 CDT","192.168.1.95","192.168.1.1","50514","53019",,,,,"6","TCP"
"Apr  5, 2025 01:12:30.997082000 CDT","192.168.1.95","192.168.1.1","50514","53019",,,,,"6","HTTP"
"Apr  5, 2025 01:12:30.997649000 CDT","192.168.1.1","192.168.1.95","53019","50514",,,,,"6","TCP"
"Apr  5, 2025 01:12:30.997921000 CDT","192.168.1.1","192.168.1.95","53019","50514",,,,,"6","TCP"
"Apr  5, 2025 01:12:30.998119000 CDT","192.168.1.1","192.168.1.95","53019","50514",,,,,"6","HTTP/XML"
"Apr  5, 2025 01:12:30.998119000 CDT","192.168.1.1","192.168.1.95","53019","50514",,,,,"6","TCP"
"Apr  5, 2025 01:12:30.998133000 CDT","192.168.1.95","192.168.1.1","50514","53019",,,,,"6","TCP"
"Apr  5, 2025 01:12:30.998158000 CDT","192.168.1.95","192.168.1.1","50514","53019",,,,,"6","TCP"
"Apr  5, 2025 01:12:30.998683000 CDT","192.168.1.1","192.168.1.95","53019","50514",,,,,"6","TCP"
"Apr  5, 2025 01:12:31.200636000 CDT","192.168.1.1","239.255.255.250",,,"38810","1900",,,"17","SSDP"
"Apr  5, 2025 01:12:31.201011000 CDT","192.168.1.1","239.255.255.250",,,"38810","1900",,,"17","SSDP"
"Apr  5, 2025 01:12:31.201011000 CDT","192.168.1.1","239.255.255.250",,,"38810","1900",,,"17","SSDP"
"Apr  5, 2025 01:12:31.201011000 CDT","192.168.1.1","239.255.255.250",,,"38810","1900",,,"17","SSDP"
"Apr  5, 2025 01:12:31.201011000 CDT","192.168.1.1","239.255.255.250",,,"38810","1900",,,"17","SSDP"
"Apr  5, 2025 01:12:31.201011000 CDT","192.168.1.1","239.255.255.250",,,"38810","1900",,,"17","SSDP"
"Apr  5, 2025 01:12:31.201011000 CDT","192.168.1.1","239.255.255.250",,,"38810","1900",,,"17","SSDP"
"Apr  5, 2025 01:12:31.201011000 CDT","192.168.1.1","239.255.255.250",,,"38810","1900",,,"17","SSDP"
"Apr  5, 2025 01:12:31.201011000 CDT","192.168.1.1","239.255.255.250",,,"38810","1900",,,"17","SSDP"
"Apr  5, 2025 01:12:31.201011000 CDT","192.168.1.1","239.255.255.250",,,"38810","1900",,,"17","SSDP"
"Apr  5, 2025 01:12:31.201011000 CDT","192.168.1.1","239.255.255.250",,,"38810","1900",,,"17","SSDP"
"Apr  5, 2025 01:12:31.201869000 CDT","192.168.1.1","239.255.255.250",,,"38810","1900",,,"17","SSDP"
"Apr  5, 2025 01:12:31.201869000 CDT","192.168.1.1","239.255.255.250",,,"57543","1900",,,"17","SSDP"
"Apr  5, 2025 01:12:31.201869000 CDT","192.168.1.1","239.255.255.250",,,"57543","1900",,,"17","SSDP"
"Apr  5, 2025 01:12:31.201869000 CDT","192.168.1.1","239.255.255.250",,,"57543","1900",,,"17","SSDP"
"Apr  5, 2025 01:12:31.201869000 CDT","192.168.1.1","239.255.255.250",,,"57543","1900",,,"17","SSDP"
"Apr  5, 2025 01:12:31.201869000 CDT","192.168.1.1","239.255.255.250",,,"57543","1900",,,"17","SSDP"
"Apr  5, 2025 01:12:31.201869000 CDT","192.168.1.1","239.255.255.250",,,"57543","1900",,,"17","SSDP"
"Apr  5, 2025 01:12:31.201869000 CDT","192.168.1.1","239.255.255.250",,,"57543","1900",,,"17","SSDP"
"Apr  5, 2025 01:12:31.201869000 CDT","192.168.1.1","239.255.255.250",,,"57543","1900",,,"17","SSDP"
"Apr  5, 2025 01:12:31.201869000 CDT","192.168.1.1","239.255.255.250",,,"57543","1900",,,"17","SSDP"
"Apr  5, 2025 01:12:31.201869000 CDT","192.168.1.1","239.255.255.250",,,"57543","1900",,,"17","SSDP"
"Apr  5, 2025 01:12:31.201869000 CDT","192.168.1.1","239.255.255.250",,,"57543","1900",,,"17","SSDP"
"Apr  5, 2025 01:12:31.201869000 CDT","192.168.1.1","239.255.255.250",,,"57543","1900",,,"17","SSDP"
"Apr  5, 2025 01:12:33.518495000 CDT",,,"50359","443",,,,,,"TCP"
"Apr  5, 2025 01:12:33.585399000 CDT",,,"443","50359",,,,,,"TCP"
"Apr  5, 2025 01:12:34.934456000 CDT","4.153.29.52","192.168.1.95","443","50087",,,,,"6","TLSv1.2"
"Apr  5, 2025 01:12:34.934456000 CDT","4.153.29.52","192.168.1.95","443","50087",,,,,"6","TLSv1.2"
"Apr  5, 2025 01:12:34.934456000 CDT","4.153.29.52","192.168.1.95","443","50087",,,,,"6","TCP"
"Apr  5, 2025 01:12:34.934534000 CDT","192.168.1.95","4.153.29.52","50087","443",,,,,"6","TCP"
"Apr  5, 2025 01:12:34.934660000 CDT","192.168.1.95","4.153.29.52","50087","443",,,,,"6","TCP"
"Apr  5, 2025 01:12:34.997392000 CDT","4.153.29.52","192.168.1.95","443","50087",,,,,"6","TCP"
"Apr  5, 2025 01:12:35.057496000 CDT",,,"50515","53",,,,,,"TCP"
"Apr  5, 2025 01:12:35.057700000 CDT",,,"50516","53",,,,,,"TCP"
"Apr  5, 2025 01:12:35.057885000 CDT",,,"50517","53",,,,,,"TCP"
"Apr  5, 2025 01:12:35.059567000 CDT",,,"53","50515",,,,,,"TCP"
"Apr  5, 2025 01:12:35.059567000 CDT",,,"53","50516",,,,,,"TCP"
"Apr  5, 2025 01:12:35.059677000 CDT",,,"50515","53",,,,,,"TCP"
"Apr  5, 2025 01:12:35.059688000 CDT",,,"50516","53",,,,,,"TCP"
"Apr  5, 2025 01:12:35.059808000 CDT",,,"50516","53",,,,,,"TCP"
"Apr  5, 2025 01:12:35.059838000 CDT",,,"50516","53",,,,,,"DNS"
"Apr  5, 2025 01:12:35.059891000 CDT",,,"50515","53",,,,,,"TCP"
"Apr  5, 2025 01:12:35.059902000 CDT",,,"53","50517",,,,,,"TCP"
"Apr  5, 2025 01:12:35.059916000 CDT",,,"50515","53",,,,,,"DNS"
"Apr  5, 2025 01:12:35.059952000 CDT",,,"50517","53",,,,,,"TCP"
"Apr  5, 2025 01:12:35.060047000 CDT",,,"50517","53",,,,,,"TCP"
"Apr  5, 2025 01:12:35.060112000 CDT",,,"50517","53",,,,,,"DNS"
"Apr  5, 2025 01:12:35.060590000 CDT",,,"53","50516",,,,,,"TCP"
"Apr  5, 2025 01:12:35.060808000 CDT",,,"53","50516",,,,,,"TCP"
"Apr  5, 2025 01:12:35.060808000 CDT",,,"53","50515",,,,,,"TCP"
"Apr  5, 2025 01:12:35.060808000 CDT",,,"53","50515",,,,,,"TCP"
"Apr  5, 2025 01:12:35.060808000 CDT",,,"53","50517",,,,,,"TCP"
"Apr  5, 2025 01:12:35.060956000 CDT",,,,,"59577","53",,,,"DNS"
"Apr  5, 2025 01:12:35.061017000 CDT",,,"53","50517",,,,,,"TCP"
"Apr  5, 2025 01:12:35.061319000 CDT",,,,,"57580","53",,,,"DNS"
"Apr  5, 2025 01:12:35.062671000 CDT",,,,,"53","59577",,,,"DNS"
"Apr  5, 2025 01:12:35.063135000 CDT",,,,,"53","57580",,,,"DNS"
"Apr  5, 2025 01:12:35.063948000 CDT","192.168.1.95","8.48.85.230","50305","443",,,,,"6","TCP"
"Apr  5, 2025 01:12:35.063968000 CDT","192.168.1.95","8.48.85.230","50305","443",,,,,"6","TCP"
"Apr  5, 2025 01:12:35.064049000 CDT","192.168.1.95","8.48.85.230","50294","443",,,,,"6","TCP"
"Apr  5, 2025 01:12:35.064063000 CDT","192.168.1.95","8.48.85.230","50294","443",,,,,"6","TCP"
"Apr  5, 2025 01:12:35.064359000 CDT",,,"50518","53",,,,,,"TCP"
"Apr  5, 2025 01:12:35.064551000 CDT",,,"50519","53",,,,,,"TCP"
"Apr  5, 2025 01:12:35.064739000 CDT",,,"50520","53",,,,,,"TCP"
"Apr  5, 2025 01:12:35.064762000 CDT",,,"53","50518",,,,,,"TCP"
"Apr  5, 2025 01:12:35.064818000 CDT",,,"50518","53",,,,,,"TCP"
"Apr  5, 2025 01:12:35.064920000 CDT",,,"50518","53",,,,,,"TCP"
"Apr  5, 2025 01:12:35.064946000 CDT",,,"50518","53",,,,,,"DNS"
"Apr  5, 2025 01:12:35.065024000 CDT",,,"53","50519",,,,,,"TCP"
"Apr  5, 2025 01:12:35.065024000 CDT",,,"53","50520",,,,,,"TCP"
"Apr  5, 2025 01:12:35.065095000 CDT",,,"50519","53",,,,,,"TCP"
"Apr  5, 2025 01:12:35.065102000 CDT",,,"50520","53",,,,,,"TCP"
"Apr  5, 2025 01:12:35.065141000 CDT",,,"50519","53",,,,,,"TCP"
"Apr  5, 2025 01:12:35.065167000 CDT",,,"50519","53",,,,,,"DNS"
"Apr  5, 2025 01:12:35.065215000 CDT",,,"50520","53",,,,,,"TCP"
"Apr  5, 2025 01:12:35.065236000 CDT",,,"50520","53",,,,,,"DNS"
"Apr  5, 2025 01:12:35.065532000 CDT",,,"53","50518",,,,,,"TCP"
"Apr  5, 2025 01:12:35.065735000 CDT",,,"53","50518",,,,,,"TCP"
"Apr  5, 2025 01:12:35.065735000 CDT",,,"53","50519",,,,,,"TCP"
"Apr  5, 2025 01:12:35.065933000 CDT",,,"53","50519",,,,,,"TCP"
"Apr  5, 2025 01:12:35.066127000 CDT",,,"53","50520",,,,,,"TCP"
"Apr  5, 2025 01:12:35.066127000 CDT",,,"53","50520",,,,,,"TCP"
"Apr  5, 2025 01:12:35.066826000 CDT",,,"53","50519",,,,,,"DNS"
"Apr  5, 2025 01:12:35.067010000 CDT",,,"50519","53",,,,,,"TCP"
"Apr  5, 2025 01:12:35.067234000 CDT",,,"53","50518",,,,,,"DNS"
"Apr  5, 2025 01:12:35.067234000 CDT",,,"53","50520",,,,,,"DNS"
"Apr  5, 2025 01:12:35.067359000 CDT",,,"50518","53",,,,,,"TCP"
"Apr  5, 2025 01:12:35.067635000 CDT","192.168.1.95","192.168.1.1","50521","80",,,,,"6","TCP"
"Apr  5, 2025 01:12:35.067656000 CDT",,,"53","50519",,,,,,"TCP"
"Apr  5, 2025 01:12:35.067695000 CDT",,,"50519","53",,,,,,"TCP"
"Apr  5, 2025 01:12:35.067750000 CDT",,,"50520","53",,,,,,"TCP"
"Apr  5, 2025 01:12:35.068121000 CDT",,,"53","50520",,,,,,"TCP"
"Apr  5, 2025 01:12:35.068152000 CDT",,,"50520","53",,,,,,"TCP"
"Apr  5, 2025 01:12:35.068989000 CDT","192.168.1.1","192.168.1.95","80","50521",,,,,"6","TCP"
"Apr  5, 2025 01:12:35.069044000 CDT","192.168.1.95","192.168.1.1","50521","80",,,,,"6","TCP"
"Apr  5, 2025 01:12:35.069356000 CDT","192.168.1.95","192.168.1.1","50521","80",,,,,"6","HTTP"
"Apr  5, 2025 01:12:35.069439000 CDT",,,"53","50518",,,,,,"TCP"
"Apr  5, 2025 01:12:35.069473000 CDT",,,"50518","53",,,,,,"TCP"
"Apr  5, 2025 01:12:35.069868000 CDT","192.168.1.1","192.168.1.95","80","50521",,,,,"6","TCP"
"Apr  5, 2025 01:12:35.070065000 CDT","192.168.1.1","192.168.1.95","80","50521",,,,,"6","HTTP"
"Apr  5, 2025 01:12:35.070425000 CDT",,,"50522","53",,,,,,"TCP"
"Apr  5, 2025 01:12:35.070545000 CDT",,,"50523","53",,,,,,"TCP"
"Apr  5, 2025 01:12:35.070661000 CDT",,,"50524","53",,,,,,"TCP"
"Apr  5, 2025 01:12:35.071048000 CDT",,,"53","50522",,,,,,"TCP"
"Apr  5, 2025 01:12:35.071077000 CDT",,,"50522","53",,,,,,"TCP"
"Apr  5, 2025 01:12:35.071149000 CDT",,,"50522","53",,,,,,"TCP"
"Apr  5, 2025 01:12:35.071165000 CDT",,,"50522","53",,,,,,"DNS"
"Apr  5, 2025 01:12:35.071273000 CDT",,,"53","50523",,,,,,"TCP"
"Apr  5, 2025 01:12:35.071273000 CDT",,,"53","50524",,,,,,"TCP"
"Apr  5, 2025 01:12:35.071273000 CDT",,,"53","50522",,,,,,"TCP"
"Apr  5, 2025 01:12:35.071273000 CDT",,,"53","50522",,,,,,"TCP"
"Apr  5, 2025 01:12:35.071312000 CDT",,,"50523","53",,,,,,"TCP"
"Apr  5, 2025 01:12:35.071317000 CDT",,,"50524","53",,,,,,"TCP"
"Apr  5, 2025 01:12:35.071339000 CDT",,,"50523","53",,,,,,"TCP"
"Apr  5, 2025 01:12:35.071353000 CDT",,,"50523","53",,,,,,"DNS"
"Apr  5, 2025 01:12:35.071379000 CDT",,,"50524","53",,,,,,"TCP"
"Apr  5, 2025 01:12:35.071393000 CDT",,,"50524","53",,,,,,"DNS"
"Apr  5, 2025 01:12:35.071738000 CDT",,,"53","50523",,,,,,"TCP"
"Apr  5, 2025 01:12:35.071931000 CDT",,,"53","50523",,,,,,"TCP"
"Apr  5, 2025 01:12:35.071931000 CDT",,,"53","50524",,,,,,"TCP"
"Apr  5, 2025 01:12:35.071931000 CDT",,,"53","50524",,,,,,"TCP"
"Apr  5, 2025 01:12:35.072294000 CDT",,,"53","50522",,,,,,"DNS"
"Apr  5, 2025 01:12:35.072361000 CDT",,,"50522","53",,,,,,"TCP"
"Apr  5, 2025 01:12:35.072960000 CDT",,,"53","50522",,,,,,"TCP"
"Apr  5, 2025 01:12:35.072978000 CDT",,,"50522","53",,,,,,"TCP"
"Apr  5, 2025 01:12:35.073613000 CDT",,,"53","50523",,,,,,"DNS"
"Apr  5, 2025 01:12:35.073613000 CDT",,,"53","50524",,,,,,"DNS"
"Apr  5, 2025 01:12:35.073692000 CDT",,,"50523","53",,,,,,"TCP"
"Apr  5, 2025 01:12:35.073764000 CDT",,,"50524","53",,,,,,"TCP"
"Apr  5, 2025 01:12:35.073928000 CDT","192.168.1.95","192.168.1.1","50525","443",,,,,"6","TCP"
"Apr  5, 2025 01:12:35.074444000 CDT",,,"53","50524",,,,,,"TCP"
"Apr  5, 2025 01:12:35.074462000 CDT",,,"50524","53",,,,,,"TCP"
"Apr  5, 2025 01:12:35.075440000 CDT","192.168.1.1","192.168.1.95","443","50525",,,,,"6","TCP"
"Apr  5, 2025 01:12:35.075468000 CDT","192.168.1.95","192.168.1.1","50525","443",,,,,"6","TCP"
"Apr  5, 2025 01:12:35.075760000 CDT","192.168.1.95","192.168.1.1","50525","443",,,,,"6","TCP"
"Apr  5, 2025 01:12:35.075760000 CDT","192.168.1.95","192.168.1.1","50525","443",,,,,"6","TLSv1"
"Apr  5, 2025 01:12:35.076054000 CDT","192.168.1.1","192.168.1.95","443","50525",,,,,"6","TCP"
"Apr  5, 2025 01:12:35.076255000 CDT","192.168.1.1","192.168.1.95","443","50525",,,,,"6","TCP"
"Apr  5, 2025 01:12:35.079201000 CDT",,,"53","50523",,,,,,"TCP"
"Apr  5, 2025 01:12:35.079219000 CDT",,,"50523","53",,,,,,"TCP"
"Apr  5, 2025 01:12:35.079658000 CDT","192.168.1.1","192.168.1.95","443","50525",,,,,"6","TLSv1.3"
"Apr  5, 2025 01:12:35.079850000 CDT","192.168.1.95","192.168.1.1","50525","443",,,,,"6","TLSv1.3"
"Apr  5, 2025 01:12:35.079907000 CDT","192.168.1.95","192.168.1.1","50525","443",,,,,"6","TCP"
"Apr  5, 2025 01:12:35.080576000 CDT","192.168.1.1","192.168.1.95","443","50525",,,,,"6","TCP"
"Apr  5, 2025 01:12:35.080591000 CDT","192.168.1.95","192.168.1.1","50525","443",,,,,"6","TCP"
"Apr  5, 2025 01:12:35.110539000 CDT","8.48.85.230","192.168.1.95","443","50305",,,,,"6","TCP"
"Apr  5, 2025 01:12:35.111293000 CDT","8.48.85.230","192.168.1.95","443","50294",,,,,"6","TCP"
"Apr  5, 2025 01:12:35.119561000 CDT","192.168.1.95","192.168.1.1","50521","80",,,,,"6","TCP"
"Apr  5, 2025 01:12:35.128912000 CDT",,,"53","50515",,,,,,"DNS"
"Apr  5, 2025 01:12:35.129076000 CDT",,,"50515","53",,,,,,"TCP"
"Apr  5, 2025 01:12:35.129974000 CDT",,,"53","50515",,,,,,"TCP"
"Apr  5, 2025 01:12:35.130004000 CDT",,,"50515","53",,,,,,"TCP"
"Apr  5, 2025 01:12:35.133965000 CDT",,,"53","50517",,,,,,"DNS"
"Apr  5, 2025 01:12:35.134121000 CDT",,,"50517","53",,,,,,"TCP"
"Apr  5, 2025 01:12:35.134734000 CDT",,,"53","50516",,,,,,"DNS"
"Apr  5, 2025 01:12:35.134866000 CDT",,,"50516","53",,,,,,"TCP"
"Apr  5, 2025 01:12:35.134955000 CDT",,,"53","50517",,,,,,"TCP"
"Apr  5, 2025 01:12:35.134981000 CDT",,,"50517","53",,,,,,"TCP"
"Apr  5, 2025 01:12:35.135407000 CDT",,,"53","50516",,,,,,"TCP"
"Apr  5, 2025 01:12:35.135439000 CDT",,,"50516","53",,,,,,"TCP"
"Apr  5, 2025 01:12:35.135610000 CDT",,,,,"58846","443",,,,"QUIC"
"Apr  5, 2025 01:12:35.135648000 CDT",,,,,"58846","443",,,,"QUIC"
"Apr  5, 2025 01:12:35.135690000 CDT",,,,,"58846","443",,,,"QUIC"
"Apr  5, 2025 01:12:35.135831000 CDT",,,,,"58846","443",,,,"QUIC"
"Apr  5, 2025 01:12:35.193287000 CDT",,,,,"443","58846",,,,"QUIC"
"Apr  5, 2025 01:12:35.193287000 CDT",,,,,"443","58846",,,,"QUIC"
"Apr  5, 2025 01:12:35.194269000 CDT",,,,,"443","58846",,,,"QUIC"
"Apr  5, 2025 01:12:35.194494000 CDT",,,,,"443","58846",,,,"QUIC"
"Apr  5, 2025 01:12:35.195165000 CDT",,,,,"443","58846",,,,"QUIC"
"Apr  5, 2025 01:12:35.195377000 CDT",,,,,"443","58846",,,,"QUIC"
"Apr  5, 2025 01:12:35.195377000 CDT",,,,,"443","58846",,,,"QUIC"
"Apr  5, 2025 01:12:35.195377000 CDT",,,,,"443","58846",,,,"QUIC"
"Apr  5, 2025 01:12:35.195771000 CDT",,,,,"58846","443",,,,"QUIC"
"Apr  5, 2025 01:12:35.195874000 CDT",,,,,"58846","443",,,,"QUIC"
"Apr  5, 2025 01:12:35.196124000 CDT",,,,,"58846","443",,,,"QUIC"
"Apr  5, 2025 01:12:35.196161000 CDT",,,,,"58846","443",,,,"QUIC"
"Apr  5, 2025 01:12:35.219703000 CDT",,,,,"443","58846",,,,"QUIC"
"Apr  5, 2025 01:12:35.237183000 CDT",,,,,"443","58846",,,,"QUIC"
"Apr  5, 2025 01:12:35.246986000 CDT",,,,,"443","58846",,,,"QUIC"
"Apr  5, 2025 01:12:35.246986000 CDT",,,,,"443","58846",,,,"QUIC"
"Apr  5, 2025 01:12:35.247208000 CDT",,,,,"58846","443",,,,"QUIC"
"Apr  5, 2025 01:12:35.259063000 CDT",,,,,"443","58846",,,,"QUIC"
"Apr  5, 2025 01:12:35.259287000 CDT",,,,,"443","58846",,,,"QUIC"
"Apr  5, 2025 01:12:35.259753000 CDT",,,,,"58846","443",,,,"QUIC"
"Apr  5, 2025 01:12:35.326942000 CDT",,,,,"443","58846",,,,"QUIC"
"Apr  5, 2025 01:12:35.401440000 CDT","192.168.1.49","239.255.255.250",,,"52323","1900",,,"17","SSDP"
"Apr  5, 2025 01:12:35.428025000 CDT","192.168.1.49","239.255.255.250",,,"52323","1900",,,"17","SSDP"
"Apr  5, 2025 01:12:35.445076000 CDT","192.168.1.49","239.255.255.250",,,"52323","1900",,,"17","SSDP"
"Apr  5, 2025 01:12:35.467058000 CDT","192.168.1.49","239.255.255.250",,,"52323","1900",,,"17","SSDP"
"Apr  5, 2025 01:12:35.492833000 CDT","192.168.1.49","239.255.255.250",,,"52323","1900",,,"17","SSDP"
"Apr  5, 2025 01:12:35.511045000 CDT","192.168.1.49","239.255.255.250",,,"52323","1900",,,"17","SSDP"
"Apr  5, 2025 01:12:35.613142000 CDT","192.168.1.49","239.255.255.250",,,"52323","1900",,,"17","SSDP"
"Apr  5, 2025 01:12:35.635026000 CDT","192.168.1.49","239.255.255.250",,,"52323","1900",,,"17","SSDP"
"Apr  5, 2025 01:12:35.658448000 CDT","192.168.1.49","239.255.255.250",,,"52323","1900",,,"17","SSDP"
"Apr  5, 2025 01:12:35.679035000 CDT","192.168.1.49","239.255.255.250",,,"52323","1900",,,"17","SSDP"
"Apr  5, 2025 01:12:35.701065000 CDT","192.168.1.49","239.255.255.250",,,"52323","1900",,,"17","SSDP"
"Apr  5, 2025 01:12:35.723056000 CDT","192.168.1.49","239.255.255.250",,,"52323","1900",,,"17","SSDP"
"Apr  5, 2025 01:12:35.914181000 CDT","72.25.64.11","192.168.1.95","443","50065",,,,,"6","TCP"
"Apr  5, 2025 01:12:36.122669000 CDT",,,"50334","443",,,,,,"TCP"
"Apr  5, 2025 01:12:36.161017000 CDT",,,"443","50334",,,,,,"TCP"
"Apr  5, 2025 01:12:36.325566000 CDT","192.168.1.95","35.174.127.31","50317","443",,,,,"6","TLSv1.2"
"Apr  5, 2025 01:12:36.383334000 CDT","35.174.127.31","192.168.1.95","443","50317",,,,,"6","TLSv1.2"
"Apr  5, 2025 01:12:36.434179000 CDT","192.168.1.95","35.174.127.31","50317","443",,,,,"6","TCP"
"Apr  5, 2025 01:12:38.203424000 CDT","8.48.85.230","192.168.1.95","443","50305",,,,,"6","TCP"
"Apr  5, 2025 01:12:38.335849000 CDT","8.48.85.230","192.168.1.95","443","50294",,,,,"6","TCP"
"Apr  5, 2025 01:12:38.603687000 CDT","192.168.1.95","140.82.112.25","50283","443",,,,,"6","TCP"
"Apr  5, 2025 01:12:38.652324000 CDT","140.82.112.25","192.168.1.95","443","50283",,,,,"6","TCP"
"Apr  5, 2025 01:12:40.160384000 CDT","192.168.1.1","192.168.1.95","80","50521",,,,,"6","TCP"
"Apr  5, 2025 01:12:40.160456000 CDT","192.168.1.95","192.168.1.1","50521","80",,,,,"6","TCP"
